vds,wg,nfing,gdg,gsg,batchNum,vgs,Pout,PAE,ACPR,Tj,GainComp,Gain,ACPR_2nd,Psat,PBO,Gain_SS,Pdel_dBm,EVM,area
16,25.0,2,22,33,1,-1.2,2.94487,-8.7936,-31.4489,70.21851,1.31592,11.41928,-50.888729999999995,21.68036,-3.5143699999999995,11.700619999999999,-9.06436,8.02068,50.0
16,25.0,2,22,48,2,-1.2,2.92739,-9.80348,-31.450229999999998,71.90783,1.2493299999999998,11.25724,-51.192609999999995,21.6545,-3.5001,11.54077,-9.66404,8.0198,50.0
16,25.0,2,22,78,3,-1.2,2.90882,-11.34005,-31.48367,72.1155,1.1418700000000002,11.00632,-51.61051,21.62686,-3.4725099999999998,11.31122,-11.211969999999999,8.02295,50.0
16,25.0,2,52,33,129,-1.2,2.86104,-9.03266,-31.387690000000003,67.72586,1.14383,10.79472,-51.09661,21.55494,-3.75757,10.99105,-9.256689999999999,8.02326,50.0
16,25.0,2,52,48,4,-1.2,2.8326599999999997,-10.65443,-31.43375,70.97743,1.2158200000000001,10.657919999999999,-51.79186,21.51165,-3.6664,10.94134,-10.91638,8.02281,50.0
16,25.0,2,52,78,5,-1.2,2.78736,-13.07456,-31.418740000000003,69.92251999999999,1.08429,10.171710000000001,-49.07031,21.44164,-3.53424,10.48968,-12.397089999999999,8.01972,50.0
16,25.0,4,22,33,6,-1.2,2.91702,-7.79997,-30.999740000000003,71.84827,1.47399,11.91715,-50.52381,24.64939,-3.6445199999999995,12.18737,-11.31885,8.01716,100.0
16,25.0,4,22,48,7,-1.2,2.89548,-9.1095,-31.018559999999997,73.30465,1.38676,11.59729,-50.92586,24.6172,-3.56267,11.901489999999999,-12.14387,8.01613,100.0
16,25.0,4,22,78,8,-1.2,2.83292,-11.93865,-31.09137,72.15714,1.32616,11.0312,-51.78371,24.52235,-3.4080800000000004,11.4225,-14.298370000000002,8.025,100.0
16,25.0,4,52,33,130,-1.2,2.8753,-9.75963,-31.13011,68.63887,1.32365,10.88813,-51.79359,24.58683,-3.7014699999999996,11.20642,-12.95255,8.01788,100.0
16,25.0,4,52,48,9,-1.2,2.7983,-11.51051,-31.18794,71.97583,1.2592,10.40572,-49.69443,24.46895,-3.55447,10.76778,-14.72993,8.02373,100.0
16,25.0,4,52,78,10,-1.2,2.6490400000000003,-13.83665,-31.31577,71.21244,1.24044,9.61272,-50.04317,24.23088,-3.25496,10.090119999999999,-16.19932,8.01957,100.0
16,25.0,6,22,33,11,-1.2,2.7615,-8.98434,-30.650609999999997,72.51210999999999,1.44551,11.621189999999999,-50.67889,26.17236,-3.67366,11.955680000000001,-13.86958,8.022639999999999,150.0
16,25.0,6,22,48,12,-1.2,2.71791,-10.713519999999999,-30.659290000000002,74.70055,1.3593600000000001,11.2646,-51.11458,26.103260000000002,-3.58734,11.62544,-14.872470000000002,8.02031,150.0
16,25.0,6,22,78,13,-1.2,2.84461,-12.9279,-30.794009999999997,72.10738,1.29544,10.65024,-50.17265,26.301140000000004,-3.43756,11.10109,-17.0352,8.017719999999999,150.0
16,25.0,6,52,33,131,-1.2,2.9357,-8.78945,-30.671429999999997,69.40080999999999,1.4433,11.2168,-50.99749,26.438029999999998,-3.88659,11.5341,-13.862129999999999,8.023710000000001,150.0
16,25.0,6,52,48,14,-1.2,2.8900799999999998,-10.89297,-30.767290000000003,71.37099,1.31504,10.72799,-51.60272,26.37002,-3.79015,11.07424,-15.488420000000001,8.0192,150.0
16,25.0,6,52,78,15,-1.2,2.7667200000000003,-13.863470000000001,-30.92018,70.90257,1.24673,9.89105,-50.003370000000004,26.18057,-3.5065800000000005,10.34094,-17.6327,8.01605,150.0
16,25.0,8,22,33,16,-1.2,2.64025,-11.0411,-30.381059999999998,73.20312,1.59935,11.61462,-50.58013,27.22675,-3.4986599999999997,12.08665,-16.18131,8.017660000000001,200.0
16,25.0,8,22,48,17,-1.2,2.79053,-12.35104,-30.43447,74.45849,1.51144,11.23515,-50.945370000000004,27.46717,-3.45413,11.7361,-17.48365,8.0164,200.0
16,25.0,8,22,78,18,-1.2,2.6819599999999997,-13.72383,-30.56073,72.02798,1.4667,10.56332,-50.8656,27.29482,-3.2648099999999998,11.14466,-18.596320000000002,8.01883,200.0
16,25.0,8,52,33,132,-1.2,2.87073,-8.746889999999999,-30.35884,68.31912,1.5606,11.40369,-50.52695,27.590220000000002,-3.80937,11.76411,-15.0427,8.01933,200.0
16,25.0,8,52,48,19,-1.2,2.8295,-10.96137,-30.45062,71.21316,1.41108,10.89955,-51.05657,27.5274,-3.7223900000000003,11.28055,-16.52564,8.017000000000001,200.0
16,25.0,8,52,78,20,-1.2,2.7027,-13.84159,-30.55678,71.19797,1.3019100000000001,10.01952,-50.21774,27.32828,-3.46011,10.4936,-18.74044,8.014610000000001,200.0
16,37.5,2,22,33,961,-1.2,2.67355,-10.598130000000001,-31.25455,74.51203000000001,1.44584,11.2441,-51.47217,23.0215,-3.4980300000000004,11.637139999999999,-11.7733,8.02308,75.0
16,37.5,2,22,48,962,-1.2,2.66229,-11.15495,-31.273640000000004,75.73508000000001,1.39588,11.13599,-51.67773,23.00316,-3.50176,11.53412,-12.25683,8.01758,75.0
16,37.5,2,22,78,963,-1.2,2.7408,-7.9290899999999995,-31.208959999999998,74.80454,1.24822,11.45412,-50.53922,23.129379999999998,-3.70729,11.65279,-10.20951,8.01835,75.0
16,37.5,2,52,33,133,-1.2,2.8786099999999997,-9.12038,-31.259840000000004,70.68621999999999,1.54389,11.19685,-51.3681,23.34244,-3.35276,11.563410000000001,-11.01356,8.019639999999999,75.0
16,37.5,2,52,48,964,-1.2,2.84491,-10.62315,-31.31198,74.09764,1.32649,10.80514,-51.73579,23.2913,-3.3786400000000003,11.14056,-12.06104,8.0174,75.0
16,37.5,2,52,78,965,-1.2,2.83786,-11.25882,-31.29828,72.38715,1.3486200000000002,10.68665,-51.9863,23.280520000000003,-3.2823300000000004,11.059510000000001,-12.87297,8.01713,75.0
16,37.5,4,22,33,966,-1.2,2.6925,-9.96603,-30.645529999999997,77.16979,1.45781,11.35475,-50.8822,26.062479999999997,-3.56638,11.72987,-14.439,8.02034,150.0
16,37.5,4,22,48,967,-1.2,2.66505,-11.16505,-30.66838,78.28459000000001,1.39371,11.12858,-51.15005,26.017970000000002,-3.5422300000000004,11.52544,-15.208770000000001,8.01902,150.0
16,37.5,4,22,78,968,-1.2,2.82918,-12.68322,-30.746340000000004,76.04876999999999,1.32467,10.75061,-51.288059999999994,26.277520000000003,-3.46299,11.20128,-16.881,8.017330000000001,150.0
16,37.5,4,52,33,134,-1.2,2.86552,-10.96557,-30.78057,72.46821,1.45899,10.900269999999999,-51.50297,26.33295,-3.3509,11.32901,-15.457020000000002,8.01912,150.0
16,37.5,4,52,48,969,-1.2,2.81633,-11.971739999999999,-30.837809999999998,75.19915,1.3934,10.57346,-50.97146,26.25775,-3.2603400000000002,11.02242,-16.63713,8.02092,150.0
16,37.5,4,52,78,970,-1.2,2.7339599999999997,-13.83191,-30.89975,74.01482,1.33036,10.03679,-50.06635,26.128829999999997,-3.08894,10.549719999999999,-17.56437,8.015839999999999,150.0
16,37.5,6,22,33,971,-1.2,2.75007,-8.017610000000001,-30.05586,78.06024000000001,1.55281,11.63382,-49.906690000000005,27.91527,-3.8078,11.96448,-15.03147,8.018310000000001,225.0
16,37.5,6,22,48,972,-1.2,2.74055,-9.07351,-30.06738,79.50288,1.3957700000000002,11.37631,-50.14059,27.900209999999998,-3.81848,11.70191,-15.69331,8.017000000000001,225.0
16,37.5,6,22,78,973,-1.2,2.72244,-11.839789999999999,-30.06615,76.01698,1.21383,10.92971,-50.64843,27.871409999999997,-3.75852,11.28733,-17.57604,8.02143,225.0
16,37.5,6,52,33,135,-1.2,2.7029900000000002,-10.745239999999999,-30.20614,73.31825,1.43416,10.87223,-50.88377,27.84028,-3.53,11.2967,-17.12574,8.02079,225.0
16,37.5,6,52,48,974,-1.2,2.8782,-12.02922,-30.2564,75.25399,1.31847,10.51562,-50.64125,28.11303,-3.4647099999999997,10.94903,-18.46281,8.018130000000001,225.0
16,37.5,6,52,78,975,-1.2,2.7939599999999998,-14.372979999999998,-30.35192,74.36731999999999,1.21007,9.91403,-50.84825,27.98402,-3.3052,10.406189999999999,-19.7227,8.02309,225.0
16,50.0,2,22,33,21,-1.2,2.56149,-12.005289999999999,-31.075459999999996,78.32412,1.48577,11.20737,-51.589529999999996,24.08493,-3.4073900000000004,11.66512,-14.117870000000002,8.024389999999999,100.0
16,50.0,2,22,48,22,-1.2,2.55735,-12.473230000000001,-31.07831,78.38799,1.44118,11.13376,-51.714240000000004,24.07791,-3.4112,11.59445,-14.76105,8.023530000000001,100.0
16,50.0,2,22,78,23,-1.2,2.55208,-13.37945,-31.080440000000003,77.75564,1.37542,11.01529,-49.995059999999995,24.068939999999998,-3.3957300000000004,11.48984,-15.30206,8.02229,100.0
16,50.0,2,52,33,137,-1.2,2.70602,-13.01325,-31.12733,73.44118,1.50882,10.821810000000001,-49.980059999999995,24.3233,-3.18312,11.35628,-15.21297,8.02287,100.0
16,50.0,2,52,48,24,-1.2,2.68432,-13.645420000000001,-31.15294,76.18370999999999,1.47095,10.66077,-49.633070000000004,24.288339999999998,-3.16411,11.19714,-15.47845,8.02401,100.0
16,50.0,2,52,78,25,-1.2,2.6711,-14.90675,-31.09742,74.38558,1.3908200000000002,10.43383,-49.67592,24.26691,-3.10242,10.99092,-16.05809,8.02012,100.0
16,50.0,4,22,33,26,-1.2,2.55815,-11.661430000000001,-30.35169,81.8718,1.51716,11.187330000000001,-50.79999,27.08956,-3.4488,11.65192,-16.766,8.01577,200.0
16,50.0,4,22,48,27,-1.2,2.54696,-12.46619,-30.33186,81.98423000000001,1.44802,11.02369,-50.97587,27.070520000000002,-3.4418,11.49962,-17.96295,8.02484,200.0
16,50.0,4,22,78,28,-1.2,2.7359299999999998,-14.175120000000001,-30.36631,78.00185,1.34705,10.749139999999999,-50.35655,27.38135,-3.39656,11.263010000000001,-18.6928,8.01682,200.0
16,50.0,4,52,33,138,-1.2,2.72361,-12.58511,-30.41413,75.45061,1.52773,10.92173,-51.151959999999995,27.361759999999997,-3.2899199999999995,11.44561,-18.04187,8.0206,200.0
16,50.0,4,52,48,29,-1.2,2.70138,-13.6403,-30.44248,77.07847,1.45208,10.684389999999999,-50.25496,27.32615,-3.23763,11.21844,-18.48861,8.02095,200.0
16,50.0,4,52,78,30,-1.2,2.66261,-15.298470000000002,-30.467259999999996,75.71101,1.36155,10.28284,-50.38882,27.263379999999998,-3.13196,10.85859,-19.28163,8.02465,200.0
16,62.5,2,22,33,981,-1.2,2.70687,-13.04759,-30.997090000000004,81.41865,1.5388,10.75606,-49.9719,25.293779999999998,-3.2243,11.312510000000001,-16.20597,8.01885,125.0
16,62.5,2,22,48,982,-1.2,2.70234,-13.4837,-30.99983,82.18504,1.50556,10.69585,-49.792320000000004,25.2865,-3.23013,11.25451,-16.38801,8.018410000000001,125.0
16,62.5,2,22,78,983,-1.2,2.70931,-14.3964,-30.98238,79.70229,1.4455799999999999,10.61963,-49.74678,25.29768,-3.2310000000000003,11.188369999999999,-16.76117,8.01769,125.0
16,62.5,2,52,33,141,-1.2,2.73234,-11.7182,-30.94404,76.15725,1.49746,10.65354,-49.63815,25.33445,-3.11483,11.14578,-15.7393,8.02022,125.0
16,62.5,2,52,48,984,-1.2,2.71817,-12.32456,-30.95285,78.15198000000001,1.45226,10.53315,-49.34407,25.31186,-3.10937,11.026819999999999,-16.00623,8.01944,125.0
16,62.5,2,52,78,985,-1.2,2.7166,-13.49947,-30.956129999999998,76.3808,1.3717700000000002,10.37081,-49.56276,25.30935,-3.08931,10.87466,-16.5265,8.01826,125.0
16,62.5,4,22,33,986,-1.2,2.70439,-12.66346,-30.12933,85.87089,1.55923,10.72904,-50.40867,28.3001,-3.30405,11.28968,-19.08734,8.02483,250.0
16,62.5,4,22,48,987,-1.2,2.70249,-13.50804,-30.1272,85.07377,1.48235,10.60482,-50.37831,28.297040000000003,-3.30997,11.17183,-19.4601,8.023639999999999,250.0
16,62.5,4,22,78,988,-1.2,2.70201,-15.036579999999999,-30.12565,80.53705,1.37378,10.39455,-50.62123,28.29627,-3.28464,10.986930000000001,-20.19311,8.02183,250.0
16,62.5,4,52,33,142,-1.2,2.69647,-12.85087,-30.10843,78.37689,1.52569,10.65355,-50.07712,28.287359999999996,-3.23204,11.206669999999999,-19.20584,8.02443,250.0
16,62.5,4,52,48,989,-1.2,2.68661,-13.972779999999998,-30.11463,79.44091999999999,1.44207,10.47717,-50.34691,28.27145,-3.22514,11.036,-19.67211,8.022969999999999,250.0
16,62.5,4,52,78,990,-1.2,2.67128,-15.470279999999999,-30.13395,77.72972,1.3280399999999999,10.181980000000001,-50.68793,28.2466,-3.16969,10.76577,-20.535,8.02082,250.0
16,75.0,2,22,33,41,-1.2,2.46944,-14.746179999999999,-30.88415,83.99455999999999,1.58487,10.50939,-49.98008,25.68689,-3.21421,11.14601,-17.77243,8.015189999999999,150.0
16,75.0,2,22,48,42,-1.2,2.4706799999999998,-15.10345,-30.83367,83.48435,1.5595299999999999,10.470999999999998,-50.07728,25.68908,-3.2204,11.110389999999999,-17.97185,8.02435,150.0
16,75.0,2,22,78,43,-1.2,2.4783,-15.644029999999999,-30.8162,80.73733,1.506,10.4172,-50.22462,25.702460000000002,-3.2253,11.066880000000001,-18.31405,8.02192,150.0
16,75.0,2,52,33,145,-1.2,2.66889,-14.67716,-30.92718,78.19504,1.51568,10.06814,-50.44255,26.02423,-3.01372,10.71344,-18.21979,8.02006,150.0
16,75.0,2,52,48,44,-1.2,2.65567,-14.88168,-30.94472,79.7118,1.48641,9.970180000000001,-50.63939,26.00265,-3.0040400000000003,10.620280000000001,-18.47034,8.01764,150.0
16,75.0,2,52,78,45,-1.2,2.65599,-15.24175,-30.94892,77.55258,1.42918,9.84657,-50.97285,26.00317,-2.95994,10.50681,-18.93066,8.022689999999999,150.0
16,87.5,2,22,33,1001,-1.2,2.48191,-14.42772,-30.676409999999997,86.55415,1.51747,9.981069999999999,-50.60223,26.37824,-3.1876,10.60952,-18.79991,8.01609,175.0
16,87.5,2,22,48,1002,-1.2,2.48576,-14.79008,-30.674290000000003,85.96455999999999,1.48563,9.94485,-50.75806,26.38498,-3.19215,10.57865,-19.04792,8.01428,175.0
16,87.5,2,22,78,1003,-1.2,2.49912,-15.11704,-30.667270000000002,83.086,1.43201,9.899389999999999,-51.01195,26.40826,-3.193,10.54295,-19.46728,8.01308,175.0
16,87.5,2,52,33,149,-1.2,2.7002200000000003,-14.503060000000001,-30.74212,79.97818000000001,1.51276,9.84844,-50.84683,26.74437,-3.0709,10.496260000000001,-19.086920000000003,8.013739999999999,175.0
16,87.5,2,52,48,1004,-1.2,2.6941,-14.6928,-30.75275,81.04341,1.48225,9.77634,-51.03018,26.73452,-3.06757,10.42687,-19.34035,8.01351,175.0
16,87.5,2,52,78,1005,-1.2,2.70273,-15.05456,-30.73756,78.83017,1.42428,9.68727,-51.383140000000004,26.7484,-3.05329,10.3453,-19.76088,8.0241,175.0
16,100.0,2,22,33,61,-1.2,2.45622,-15.39114,-30.75879,88.07475,1.59307,9.50797,-51.61241,26.912979999999997,-3.1735599999999997,10.25233,-20.48176,8.01885,200.0
16,100.0,2,22,48,62,-1.2,2.4621299999999997,-15.54706,-30.75422,87.01309,1.56774,9.48638,-51.71727,26.9234,-3.17571,10.23371,-20.580379999999998,8.01857,200.0
16,100.0,2,22,78,63,-1.2,2.47739,-15.80835,-30.736720000000002,83.7085,1.52447,9.46343,-51.87961,26.95025,-2.6505400000000003,10.21476,-20.751910000000002,8.02462,200.0
16,100.0,2,52,33,153,-1.2,2.47507,-15.38096,-30.6982,81.86071,1.54512,9.46932,-51.70483,26.94618,-3.11119,10.19385,-20.58951,8.01913,200.0
16,100.0,2,52,48,64,-1.2,2.4733099999999997,-15.544070000000001,-30.69205,81.92436,1.51901,9.41658,-51.84019,26.94309,-3.10716,10.14495,-20.697689999999998,8.01874,200.0
16,100.0,2,52,78,65,-1.2,2.47925,-15.827539999999999,-30.67169,79.71435,1.47295,9.35029,-52.04685,26.953509999999998,-3.07862,10.08372,-20.89401,8.023430000000001,200.0
20,25.0,2,22,33,81,-1.2,3.43445,-8.993319999999999,-31.611959999999996,81.14043000000001,1.3880000000000001,12.02917,-50.35687,22.34828,-3.9702699999999997,12.326189999999999,-10.17726,8.01948,50.0
20,25.0,2,22,48,82,-1.2,3.40818,-10.040410000000001,-31.628840000000004,83.16291,1.3181,11.85615,-50.67196,22.31493,-3.95105,12.154160000000001,-10.795110000000001,8.01844,50.0
20,25.0,2,22,78,83,-1.2,3.38239,-11.720139999999999,-31.67271,83.45724,1.22435,11.587110000000001,-51.167120000000004,22.28193,-3.9164800000000004,11.91093,-12.68117,8.01698,50.0
20,25.0,2,52,33,157,-1.2,3.57705,-10.84152,-31.56702,78.0489,1.40041,11.387089999999999,-51.240970000000004,22.52494,-3.65181,11.747630000000001,-11.73145,8.02289,50.0
20,25.0,2,52,48,84,-1.2,3.5156300000000003,-12.180530000000001,-31.60055,82.01133,1.3169600000000001,11.01182,-49.91122,22.44973,-3.56525,11.38875,-12.909289999999999,8.01716,50.0
20,25.0,2,52,78,85,-1.2,3.45528,-14.62319,-31.70171,80.69421,1.20691,10.462019999999999,-49.31216,22.37454,-3.4218900000000003,10.89622,-14.15412,8.023480000000001,50.0
20,25.0,4,22,33,86,-1.2,3.43097,-8.29567,-31.32078,83.01807,1.75542,12.55896,-50.33381,25.35417,-3.98089,12.955960000000001,-12.6579,8.01555,100.0
20,25.0,4,22,48,87,-1.2,3.3908300000000002,-9.77582,-31.37705,84.7202,1.69228,12.25005,-50.80742,25.30307,-3.9139,12.68562,-13.53912,8.0234,100.0
20,25.0,4,22,78,88,-1.2,3.2640700000000002,-11.4213,-31.513070000000003,83.15235,1.6569200000000002,11.6706,-51.5441,25.1376,-3.7382800000000005,12.199160000000001,-15.0074,8.022860000000001,100.0
20,25.0,4,52,33,158,-1.2,3.26663,-12.11203,-31.382740000000002,78.64652,1.60784,11.60399,-51.5581,25.14101,-3.65921,12.11015,-15.4633,8.02058,100.0
20,25.0,4,52,48,89,-1.2,3.40728,-13.66184,-31.465320000000002,82.46642,1.5730899999999999,11.03615,-50.69451,25.32408,-3.48355,11.60126,-16.44409,8.018289999999999,100.0
20,25.0,4,52,78,90,-1.2,3.17465,-14.07789,-31.595059999999997,81.28814,1.60572,10.10224,-50.32334,25.01696,-3.10045,10.77091,-17.09196,8.01645,100.0
20,25.0,6,22,33,91,-1.2,3.46025,-9.73418,-31.0734,83.71287,1.71767,12.30857,-50.85857,27.15199,-4.0221800000000005,12.7681,-15.289629999999999,8.01987,150.0
20,25.0,6,22,48,92,-1.2,3.39011,-11.08756,-31.15875,86.2489,1.6502400000000002,11.95309,-51.3071,27.06305,-3.9798199999999997,12.44839,-16.18524,8.018369999999999,150.0
20,25.0,6,22,78,93,-1.2,3.22238,-11.98778,-31.322470000000003,82.9186,1.62592,11.32784,-52.1418,26.842679999999998,-3.80914,11.9082,-17.6111,8.017000000000001,150.0
20,25.0,6,52,33,159,-1.2,3.36076,-9.403310000000001,-31.017329999999998,79.73265,1.72901,12.07817,-50.73406,27.025290000000002,-3.91056,12.49852,-15.091320000000001,8.01965,150.0
20,25.0,6,52,48,94,-1.2,3.3147,-11.80358,-31.150140000000004,81.93356,1.5937,11.53486,-51.48053,26.96535,-3.7756199999999995,12.00763,-16.7111,8.01717,150.0
20,25.0,6,52,78,95,-1.2,3.3940300000000003,-14.11846,-31.31147,81.0736,1.55901,10.567910000000001,-50.47453,27.068070000000002,-3.44081,11.1596,-18.46891,8.020589999999999,150.0
20,25.0,8,22,33,96,-1.2,3.37776,-9.82952,-30.82953,84.6082,1.8264099999999999,12.42919,-50.64416,28.296590000000002,-3.94245,12.932360000000001,-16.54756,8.0172,200.0
20,25.0,8,22,48,97,-1.2,3.32168,-11.25953,-30.913359999999997,86.06053,1.73807,12.071819999999999,-51.03376,28.22387,-3.90585,12.60914,-17.41076,8.016169999999999,200.0
20,25.0,8,22,78,98,-1.2,3.14161,-11.92046,-31.061909999999997,82.95629,1.7021099999999998,11.4089,-51.64857,27.98183,-3.72992,12.021339999999999,-18.75048,8.020539999999999,200.0
20,25.0,8,52,33,160,-1.2,3.27544,-11.933060000000001,-30.87002,78.61855,1.6767,11.74964,-51.2234,28.16299,-3.71613,12.2806,-18.1145,8.02492,200.0
20,25.0,8,52,48,99,-1.2,3.18397,-13.65596,-30.98415,81.99128,1.59785,11.17698,-51.34706,28.04,-3.5681300000000005,11.75773,-19.43532,8.01452,200.0
20,25.0,8,52,78,100,-1.2,3.1832700000000003,-14.10307,-31.208579999999998,81.7792,1.59728,10.20631,-50.443259999999995,28.039040000000004,-3.24464,10.87846,-20.000870000000003,8.02093,200.0
20,37.5,2,22,33,1021,-1.2,3.43875,-8.266160000000001,-31.467029999999998,86.12601,1.6532200000000001,12.22034,-50.124590000000005,24.114620000000002,-4.01149,12.585410000000001,-11.42954,8.01597,75.0
20,37.5,2,22,48,1022,-1.2,3.42869,-8.70894,-31.49323,87.60645,1.59356,12.11512,-50.30057,24.10189,-4.02056,12.47938,-11.70941,8.01551,75.0
20,37.5,2,22,78,1023,-1.2,3.4315800000000003,-9.69315,-31.478270000000002,86.75525999999999,1.5101,11.96482,-50.653420000000004,24.10555,-4.00632,12.33683,-12.293510000000001,8.022210000000001,75.0
20,37.5,2,52,33,145,-1.2,3.30122,-11.0486,-31.497770000000003,81.41188000000001,1.69347,11.749319999999999,-50.9551,23.93736,-3.77812,12.24112,-13.139320000000001,8.02355,75.0
20,37.5,2,52,48,1024,-1.2,3.26056,-11.67304,-31.50524,85.31553000000001,1.6339299999999999,11.50793,-51.244679999999995,23.88354,-3.73472,12.000639999999999,-13.81843,8.019160000000001,75.0
20,37.5,2,52,78,1025,-1.2,3.23291,-13.164979999999998,-31.53629,83.4018,1.52562,11.1651,-51.44721,23.84656,-3.6692400000000003,11.682889999999999,-14.97816,8.02223,75.0
20,37.5,4,22,33,1026,-1.2,3.41627,-8.08935,-30.982440000000004,89.35129,1.6675,12.297239999999999,-50.3303,27.096429999999998,-4.11293,12.65633,-14.31085,8.02074,150.0
20,37.5,4,22,48,1027,-1.2,3.40161,-9.02422,-30.987840000000002,90.66171999999999,1.59325,12.0988,-50.60593,27.07775,-4.0685400000000005,12.475060000000001,-14.891639999999999,8.01953,150.0
20,37.5,4,22,78,1028,-1.2,3.3689400000000003,-11.27326,-31.06209,87.82603,1.50575,11.74242,-51.176520000000004,27.03585,-3.5788800000000003,12.179969999999999,-16.17825,8.01727,150.0
20,37.5,4,52,33,146,-1.2,3.38309,-8.66437,-31.017570000000003,83.55279,1.6729900000000002,11.8943,-50.8504,27.054040000000004,-3.8807199999999997,12.281139999999999,-14.75174,8.019689999999999,150.0
20,37.5,4,52,48,1029,-1.2,3.33886,-10.18707,-31.10437,86.78915,1.57671,11.56277,-51.25635,26.9969,-3.82661,11.97225,-15.63328,8.01793,150.0
20,37.5,4,52,78,1030,-1.2,3.25529,-12.15728,-31.21203,85.25601999999999,1.48206,11.00333,-51.91342,26.886809999999997,-3.63025,11.478819999999999,-17.6689,8.015839999999999,150.0
20,37.5,6,22,33,1031,-1.2,3.42772,-9.43094,-30.654259999999997,90.37501999999999,1.83528,12.33427,-50.36783,28.871879999999997,-3.76266,12.82606,-16.8334,8.016160000000001,225.0
20,37.5,6,22,48,1032,-1.2,3.41161,-10.60945,-30.65762,92.00211,1.7255,12.11246,-50.605259999999994,28.851409999999998,-3.7723800000000005,12.605039999999999,-17.475920000000002,8.02305,225.0
20,37.5,6,22,78,1033,-1.2,3.37817,-12.357289999999999,-30.73446,87.5222,1.58786,11.69867,-51.06834,28.808629999999997,-3.6832800000000003,12.23638,-18.99496,8.0178,225.0
20,37.5,6,52,33,147,-1.2,3.42942,-8.54846,-30.580340000000003,84.53038000000001,1.63424,11.90761,-50.39223,28.874029999999998,-4.05987,12.28876,-16.437479999999997,8.01651,225.0
20,37.5,6,52,48,1034,-1.2,3.4054800000000003,-10.33049,-30.570259999999998,86.83041999999999,1.49171,11.55825,-50.75946,28.843609999999998,-3.6132800000000005,11.95068,-17.47856,8.01848,225.0
20,37.5,6,52,78,1035,-1.2,3.3372599999999997,-13.12945,-30.714809999999996,85.57637,1.34509,10.94623,-49.99135,28.75573,-3.8864400000000003,11.3971,-19.850179999999998,8.02391,225.0
20,37.5,8,22,33,1036,-1.2,3.3438,-8.20067,-30.087040000000002,91.74009000000001,1.7633900000000002,12.37395,-49.63378,30.01362,-3.82723,12.77977,-17.36283,8.019060000000001,300.0
20,37.5,8,22,48,1037,-1.2,3.3510199999999997,-9.5864,-30.114490000000004,92.62639,1.57798,12.127189999999999,-49.86701,30.022990000000004,-3.86249,12.52922,-18.18123,8.01497,300.0
20,37.5,8,22,78,1038,-1.2,3.32942,-12.83607,-30.2009,88.02124,1.36182,11.64826,-50.339859999999994,29.99489,-3.7936199999999998,12.08925,-20.61886,8.02235,300.0
20,37.5,8,52,33,148,-1.2,3.36838,-8.70229,-30.2055,83.62215,1.75265,11.96021,-50.11546,30.04542,-3.95549,12.3985,-17.79048,8.015410000000001,300.0
20,37.5,8,52,48,1039,-1.2,3.3420400000000003,-10.650039999999999,-30.2655,86.94096,1.58208,11.61277,-50.42938,30.011329999999997,-3.95353,12.05207,-18.97663,8.02407,300.0
20,37.5,8,52,78,1040,-1.2,3.25928,-13.03301,-30.369670000000003,85.52414,1.3799700000000001,10.98358,-50.51692,29.90243,-3.8326800000000003,11.46867,-21.06454,8.02027,300.0
20,50.0,2,22,33,101,-1.2,3.29541,-9.708089999999999,-31.337220000000002,90.90845999999999,1.7097099999999998,12.079839999999999,-50.8428,25.17909,-3.90335,12.521289999999999,-13.528929999999999,8.02462,100.0
20,50.0,2,22,48,102,-1.2,3.2967400000000002,-10.24577,-31.34445,90.98423000000001,1.6598,12.00864,-50.97788,25.18085,-3.9100300000000003,12.45451,-13.832529999999998,8.02375,100.0
20,50.0,2,22,78,103,-1.2,3.3013800000000004,-11.19624,-31.34944,90.17644,1.5856,11.90311,-51.19668,25.18696,-3.9146400000000003,12.3561,-14.47083,8.02246,100.0
20,50.0,2,52,33,149,-1.2,3.20235,-11.78852,-31.40976,84.80684000000001,1.7156099999999999,11.53378,-51.67443,25.05469,-3.59869,12.0924,-15.358460000000001,8.02089,100.0
20,50.0,2,52,48,104,-1.2,3.17075,-12.49507,-31.42274,88.12714,1.70776,11.38139,-51.95191,25.01161,-3.55631,11.96561,-15.96671,8.02417,100.0
20,50.0,2,52,78,105,-1.2,3.1589099999999997,-13.6027,-31.46817,85.93585999999999,1.6275700000000002,11.15218,-50.10485,24.995379999999997,-3.5187,11.755230000000001,-16.44742,8.018510000000001,100.0
20,50.0,4,22,33,106,-1.2,3.25734,-9.4948,-30.74778,95.26626999999999,1.7203,11.95608,-50.76493,28.13893,-3.92901,12.40807,-16.45816,8.01604,200.0
20,50.0,4,22,48,107,-1.2,3.2579700000000003,-10.69455,-30.774759999999997,95.3359,1.63814,11.824819999999999,-50.95308,28.139770000000002,-3.9298900000000003,12.28758,-17.113870000000002,8.0154,200.0
20,50.0,4,22,78,108,-1.2,3.2665599999999997,-12.20958,-30.781670000000002,90.46956,1.5356100000000001,11.59678,-51.30253,28.1512,-3.8915,12.103760000000001,-18.86355,8.02097,200.0
20,50.0,4,52,33,150,-1.2,3.213,-11.98821,-30.88328,87.25955,1.76089,11.63279,-51.37303,28.07941,-3.6793400000000003,12.21855,-18.46709,8.02317,200.0
20,50.0,4,52,48,109,-1.2,3.18038,-12.80923,-30.931490000000004,89.16835999999999,1.69205,11.404919999999999,-51.63094,28.035090000000004,-3.6455800000000003,12.00168,-19.09998,8.01525,200.0
20,50.0,4,52,78,110,-1.2,3.1206099999999997,-14.0719,-30.98863,87.4003,1.61399,11.01228,-50.213229999999996,27.952690000000004,-3.55989,11.64926,-19.657729999999997,8.02386,200.0
20,50.0,6,22,33,111,-1.2,3.2404,-12.112860000000001,-30.38662,96.31251,1.8218,11.91993,-50.51812,29.877190000000002,-3.6140800000000004,12.5287,-19.870739999999998,8.02253,300.0
20,50.0,6,22,48,112,-1.2,3.2290200000000002,-12.899560000000001,-30.4008,96.40534,1.7030299999999998,11.73195,-50.68128,29.86192,-3.6411,12.33976,-20.797320000000003,8.02143,300.0
20,50.0,6,22,78,113,-1.2,3.20502,-14.365620000000002,-30.4284,91.19896,1.55037,11.38119,-50.995909999999995,29.829520000000002,-3.6307199999999997,12.01263,-21.44107,8.01972,300.0
20,50.0,6,52,33,151,-1.2,3.28055,-11.167010000000001,-30.377090000000003,88.5617,1.78865,11.62759,-50.698190000000004,29.93068,-3.83605,12.19779,-19.6426,8.02299,300.0
20,50.0,6,52,48,114,-1.2,3.25516,-12.14119,-30.40042,90.13208,1.65514,11.3786,-50.918929999999996,29.89694,-3.84659,11.94721,-20.62769,8.0215,300.0
20,50.0,6,52,78,115,-1.2,3.19809,-14.03471,-30.47349,88.33951,1.49661,10.924389999999999,-50.29699,29.820120000000003,-3.7778400000000003,11.519039999999999,-21.47697,8.02396,300.0
20,62.5,2,22,33,1041,-1.2,3.17733,-11.433489999999999,-31.175179999999997,94.36895,1.71145,11.78783,-51.22527,25.989720000000002,-3.44887,12.2962,-15.51635,8.01816,125.0
20,62.5,2,22,48,1042,-1.2,3.17441,-11.78058,-31.18161,95.29528,1.6713799999999999,11.72658,-51.3326,25.98574,-3.4582800000000002,12.23864,-15.973310000000001,8.01747,125.0
20,62.5,2,22,78,1043,-1.2,3.18882,-12.58208,-31.17602,92.29661,1.60087,11.649569999999999,-51.519040000000004,26.0054,-3.46295,12.17872,-16.91989,8.01678,125.0
20,62.5,2,52,33,153,-1.2,3.17804,-11.71588,-31.27498,87.88271,1.71839,11.48287,-51.63093,25.9907,-3.6430599999999997,12.03468,-16.445829999999997,8.01801,125.0
20,62.5,2,52,48,1044,-1.2,3.16062,-12.24911,-31.29512,90.25583,1.67134,11.358239999999999,-51.79631,25.966820000000002,-3.63657,11.91059,-16.841079999999998,8.01741,125.0
20,62.5,2,52,78,1045,-1.2,3.16175,-13.27157,-31.29135,88.05833,1.58924,11.190999999999999,-49.67049,25.96837,-3.60771,11.75663,-17.290370000000003,8.01645,125.0
20,62.5,4,22,33,1046,-1.2,3.15631,-11.67395,-30.567840000000004,99.82983,1.7551299999999999,11.56226,-51.0588,28.9712,-3.8445300000000002,12.13115,-19.37395,8.01342,250.0
20,62.5,4,22,48,1047,-1.2,3.1650400000000003,-12.54451,-30.579320000000003,98.80958000000001,1.6759400000000002,11.46668,-50.52899,28.9832,-3.85753,12.04572,-19.95968,8.02395,250.0
20,62.5,4,22,78,1048,-1.2,3.18392,-14.0517,-30.601370000000003,93.22584,1.56413,11.30209,-49.965790000000005,29.00902,-3.8425599999999998,11.9122,-20.59805,8.022160000000001,250.0
20,62.5,4,52,33,154,-1.2,3.15388,-12.74922,-30.682509999999997,90.67398,1.7674,11.31293,-50.22675,28.96785,-3.6234800000000003,11.95551,-20.10083,8.0225,250.0
20,62.5,4,52,48,1049,-1.2,3.13288,-13.554229999999999,-30.71048,91.88206,1.6993900000000002,11.14673,-49.992490000000004,28.938840000000003,-3.61845,11.7964,-20.43303,8.021410000000001,250.0
20,62.5,4,52,78,1050,-1.2,3.09945,-14.483220000000001,-30.75824,89.70773,1.60762,10.867289999999999,-50.255,28.89225,-3.5784,11.5404,-20.958560000000002,8.01982,250.0
20,62.5,6,22,33,1051,-1.2,3.18755,-11.97533,-30.019109999999998,101.67256,1.76965,11.487160000000001,-50.483709999999995,30.77488,-4.0017,12.09406,-21.483620000000002,8.01928,375.0
20,62.5,6,22,78,1053,-1.2,3.20528,-15.258339999999999,-30.00662,94.6454,1.4063700000000001,11.01727,-50.62975,30.79898,-3.6398,11.64841,-23.07396,8.01735,375.0
20,62.5,6,52,33,155,-1.2,3.20063,-11.950330000000001,-30.043429999999997,93.0093,1.7419099999999998,11.29578,-50.31532,30.792659999999998,-3.84765,11.909,-21.561989999999998,8.01905,375.0
20,62.5,6,52,48,1054,-1.2,3.2017,-13.296339999999999,-30.032840000000004,92.83426999999999,1.58633,11.10524,-50.11079,30.79412,-3.8884800000000004,11.71669,-22.16023,8.018239999999999,375.0
20,62.5,6,52,78,1055,-1.2,3.17634,-15.081570000000001,-30.0135,91.05884,1.39199,10.71773,-50.636829999999996,30.759590000000003,-3.89316,11.3508,-23.26725,8.016960000000001,375.0
20,75.0,2,22,33,121,-1.2,3.16076,-12.511280000000001,-31.19165,98.13571,1.65615,11.131089999999999,-49.3042,26.75882,-3.74349,11.72311,-17.842589999999998,8.01507,150.0
20,75.0,2,22,48,122,-1.2,3.1682,-12.97771,-31.18807,97.54021999999999,1.62036,11.08985,-49.314609999999995,26.769029999999997,-3.7471,11.68679,-18.0499,8.0148,150.0
20,75.0,2,22,78,123,-1.2,3.19282,-13.835220000000001,-31.173859999999998,94.24136,1.5608799999999998,11.03157,-49.45335,26.802659999999996,-3.7447199999999996,11.64617,-18.46548,8.01437,150.0
20,75.0,2,52,33,157,-1.2,3.14847,-13.726729999999998,-31.199240000000003,90.38739,1.68485,10.96599,-49.569990000000004,26.741909999999997,-3.5853099999999998,11.61563,-18.41055,8.02137,150.0
20,75.0,2,52,48,124,-1.2,3.1334400000000002,-14.08266,-31.219070000000002,92.16808,1.6508,10.8639,-49.65995,26.72113,-3.5792699999999997,11.51908,-18.61684,8.01879,150.0
20,75.0,2,52,78,125,-1.2,3.14086,-14.71309,-31.22989,89.52727,1.5862,10.73833,-49.81753,26.7314,-3.5560400000000003,11.406930000000001,-19.07282,8.01477,150.0
20,75.0,4,22,33,126,-1.2,3.10518,-13.81974,-30.50964,102.5382,1.7627599999999999,11.09065,-50.13933,29.692079999999997,-3.7794199999999996,11.771460000000001,-21.31438,8.02082,300.0
20,75.0,4,22,48,127,-1.2,3.1135900000000003,-14.396379999999999,-30.511129999999998,100.60676,1.69225,11.01248,-50.34636,29.70383,-3.7970699999999997,11.70243,-21.6315,8.01907,300.0
20,75.0,4,22,78,128,-1.2,3.1287700000000003,-15.04659,-30.51778,94.6048,1.59061,10.877930000000001,-50.67712,29.72496,-3.3409699999999996,11.58883,-22.145229999999998,8.01728,300.0
20,75.0,4,52,33,158,-1.2,3.11808,-13.93704,-30.42268,94.87312,1.6500099999999998,10.84119,-50.03366,29.710079999999998,-3.66745,11.49793,-21.547060000000002,8.0202,300.0
20,75.0,4,52,48,129,-1.2,3.1151,-14.6091,-30.440859999999997,94.32794,1.57185,10.7075,-50.324020000000004,29.70593,-3.6659300000000004,11.37453,-21.99855,8.017719999999999,300.0
20,75.0,4,52,78,130,-1.2,3.10701,-15.181120000000002,-30.446659999999998,91.03425,1.46502,10.48627,-50.923790000000004,29.694640000000003,-3.63691,11.17193,-22.659760000000002,8.0167,300.0
20,75.0,6,22,33,131,-1.2,3.09675,-13.37525,-30.03323,105.62425,1.84474,11.04349,-50.668479999999995,31.441190000000002,-3.49264,11.75919,-22.91402,8.01563,450.0
20,75.0,6,52,33,159,-1.2,3.08735,-14.364410000000001,-30.087790000000002,92.08601,1.85329,11.00044,-50.8488,31.427979999999998,-3.4003400000000004,11.772,-23.42012,8.02405,450.0
20,75.0,6,52,48,134,-1.2,2.83031,-14.625129999999999,-30.09158,93.7683,1.75273,10.8379,-50.93336,31.050459999999998,-3.45948,11.61053,-23.69105,8.02362,450.0
20,75.0,6,52,78,135,-1.2,3.02623,-14.838579999999999,-30.094279999999998,90.97001,1.60291,10.52489,-51.07999,31.34115,-3.48904,11.30748,-24.17474,8.02253,450.0
20,87.5,2,22,33,1061,-1.2,3.10253,-15.081,-31.12823,99.79035,1.7242099999999998,10.8525,-50.011540000000004,27.34755,-3.3691199999999997,11.5784,-19.718220000000002,8.02299,175.0
20,87.5,2,22,48,1062,-1.2,3.1078099999999997,-15.23909,-31.12626,99.04160999999999,1.6956,10.823139999999999,-50.09332,27.35493,-3.3736699999999997,11.55448,-19.8833,8.02259,175.0
20,87.5,2,22,78,1063,-1.2,3.12485,-15.5002,-31.115370000000002,95.53239,1.64724,10.789639999999999,-50.21966,27.37867,-3.37437,11.53171,-20.16801,8.02195,175.0
20,87.5,2,52,33,129,-1.2,3.1421200000000002,-14.35966,-31.14475,92.28709,1.71776,10.63395,-49.88787,27.40261,-3.1246,11.34018,-19.61381,8.02383,175.0
20,87.5,2,52,48,1064,-1.2,3.13353,-14.547939999999999,-31.158509999999996,93.53809,1.68848,10.55875,-50.044140000000006,27.39072,-3.12148,11.26907,-19.80208,8.0232,175.0
20,87.5,2,52,78,1065,-1.2,3.1469400000000003,-14.86612,-31.16347,90.82760999999999,1.63196,10.46992,-50.32043,27.409270000000003,-3.10466,11.19078,-20.17746,8.0222,175.0
20,87.5,4,22,33,1066,-1.2,3.0798400000000004,-14.741829999999998,-30.35428,105.8868,1.73755,10.635069999999999,-50.6095,30.32596,-3.3645400000000003,11.36616,-22.75618,8.015369999999999,350.0
20,87.5,4,22,48,1067,-1.2,3.09668,-15.02941,-30.3088,103.63339,1.6673099999999998,10.58446,-50.835370000000005,30.34964,-3.39285,11.323319999999999,-23.08156,8.01517,350.0
20,87.5,4,22,78,1068,-1.2,3.12845,-15.4568,-30.2782,97.04411999999999,1.5619399999999999,10.499080000000001,-51.21764,30.39398,-3.40616,11.25346,-23.557570000000002,8.01483,350.0
20,87.5,4,52,33,130,-1.2,3.08315,-15.110879999999998,-30.31757,96.30183000000001,1.7119,10.583160000000001,-50.69493,30.33063,-3.2934900000000003,11.33429,-23.15679,8.015080000000001,350.0
20,87.5,4,52,48,1069,-1.2,3.09045,-15.39144,-30.30955,95.57772,1.64505,10.50328,-50.95514,30.3409,-3.3142099999999997,11.26377,-23.43599,8.01488,350.0
20,87.5,4,52,78,1070,-1.2,3.10452,-15.80236,-30.300320000000003,91.21392,1.5468899999999999,10.37134,-51.33367,30.36063,-3.3111900000000003,11.14545,-23.85512,8.01453,350.0
20,100.0,2,22,33,141,-1.2,2.88757,-14.93725,-31.1106,102.30183000000001,1.72003,10.346960000000001,-50.569790000000005,27.61562,-3.34615,11.1097,-20.83875,8.01858,200.0
20,100.0,2,22,48,142,-1.2,2.89792,-15.09596,-31.1051,100.99403000000001,1.69327,10.32962,-50.70101,27.631159999999998,-3.34911,11.09708,-20.99557,8.01832,200.0
20,100.0,2,22,78,143,-1.2,2.9226900000000002,-15.3581,-31.08997,96.97596,1.64783,10.31783,-50.92442,27.668129999999998,-3.3475,11.08967,-21.23838,8.01791,200.0
20,100.0,2,52,33,133,-1.2,3.13023,-14.78367,-31.15516,94.48252,1.7338099999999999,10.23414,-50.76912,27.96606,-3.1625400000000004,11.00688,-20.92122,8.02415,200.0
20,100.0,2,52,48,144,-1.2,3.12952,-14.92645,-31.16035,94.53063,1.70875,10.181410000000001,-50.91053,27.96507,-3.15741,10.95784,-21.05538,8.0226,200.0
20,100.0,2,52,78,145,-1.2,3.1434,-15.178510000000001,-31.165129999999998,91.85698000000001,1.66373,10.11714,-51.14772,27.98429,-3.14256,10.89988,-21.3064,8.02012,200.0
20,100.0,4,22,33,146,-1.2,2.81565,-14.568760000000001,-30.33124,108.10802,1.7817,10.208860000000001,-51.0325,30.51639,-3.3852300000000004,10.98623,-23.639570000000003,8.022089999999999,400.0
20,100.0,4,22,48,147,-1.2,2.8353,-14.799389999999999,-30.29403,104.6563,1.7159099999999998,10.17662,-51.24279,30.546590000000002,-3.41192,10.95837,-23.90166,8.02175,400.0
20,100.0,4,22,78,148,-1.2,2.8572900000000003,-15.09748,-30.26009,98.51404000000001,1.62058,10.10103,-51.53066,30.580140000000004,-3.42929,10.89323,-24.25374,8.02115,400.0
20,100.0,4,52,33,134,-1.2,2.85338,-14.855,-30.2569,98.45079,1.73862,10.15237,-51.110409999999995,30.5742,-3.2804,10.92228,-24.01611,8.02164,400.0
20,100.0,4,52,48,149,-1.2,2.86309,-15.088420000000001,-30.2386,96.72873,1.67524,10.0943,-51.30506,30.58895,-3.30606,10.87192,-24.25682,8.02125,400.0
20,100.0,4,52,78,150,-1.2,3.12069,-15.388079999999999,-30.22607,94.09775,1.58765,9.97458,-51.562290000000004,30.9631,-3.31943,10.76377,-24.5629,8.02058,400.0
24,25.0,2,22,33,1,-1.2,4.25473,-8.60316,-31.7143,91.45115,1.7903200000000001,12.98152,-49.77494,23.27842,-3.92486,13.4045,-10.7248,8.02443,50.0
24,25.0,2,22,48,2,-1.2,4.23482,-9.40504,-31.762759999999997,93.78721,1.71445,12.81658,-50.03437,23.25805,-3.93286,13.243789999999999,-11.18811,8.02315,50.0
24,25.0,2,22,78,3,-1.2,4.22583,-10.930639999999999,-31.777109999999997,93.98331999999999,1.61225,12.5725,-50.525,23.248820000000002,-3.9105800000000004,13.018310000000001,-12.22079,8.02154,50.0
24,25.0,2,52,33,137,-1.2,3.9123900000000003,-13.40748,-31.76732,87.47369,1.8281900000000002,11.827589999999999,-51.42842,22.91412,-3.4242199999999996,12.5079,-14.07453,8.0233,50.0
24,25.0,2,52,48,4,-1.2,3.83511,-14.294279999999999,-31.8139,91.99305,1.7720799999999999,11.44323,-51.26725,22.827479999999998,-3.32597,12.13889,-14.458620000000002,8.02153,50.0
24,25.0,2,52,78,5,-1.2,3.7526599999999997,-14.934510000000001,-31.783520000000003,90.23544,1.6792,10.902330000000001,-50.6376,22.7331,-3.56555,11.63574,-15.153210000000001,8.02378,50.0
24,25.0,4,22,33,6,-1.2,4.22532,-8.88686,-31.51207,94.35197,1.7924099999999998,12.97283,-50.00891,26.2586,-3.96829,13.405870000000002,-13.89354,8.023010000000001,100.0
24,25.0,4,22,48,7,-1.2,4.1772800000000005,-10.66484,-31.6328,96.26231999999999,1.74203,12.6573,-50.455740000000006,26.20893,-3.91034,13.14744,-14.87155,8.02005,100.0
24,25.0,4,22,78,8,-1.2,3.98495,-11.80793,-31.746990000000004,94.34248000000001,1.7401799999999998,12.060939999999999,-51.18577,26.00423,-3.7079,12.657639999999999,-16.31225,8.02096,100.0
24,25.0,4,52,33,138,-1.2,4.15407,-8.187289999999999,-31.52855,89.28699,1.75458,12.30001,-50.50982,26.184739999999998,-4.01927,12.67572,-13.60469,8.024239999999999,100.0
24,25.0,4,52,48,9,-1.2,4.06458,-10.257610000000001,-31.64252,93.91155,1.66202,11.76421,-51.18043,26.09015,-3.88723,12.19797,-15.11755,8.02421,100.0
24,25.0,4,52,78,10,-1.2,4.11369,-12.54696,-31.728070000000002,92.54405,1.63265,10.82175,-50.10587,26.14232,-3.5258599999999998,11.393360000000001,-17.02771,8.01941,100.0
24,25.0,6,22,33,11,-1.2,3.93837,-10.0761,-31.33097,94.69084000000001,1.9224599999999998,13.11304,-50.15186,27.71407,-4.1097,13.65391,-16.21886,8.01795,150.0
24,25.0,6,22,48,12,-1.2,3.8976,-11.84945,-31.41767,97.46145,1.83582,12.78027,-50.523,27.668879999999998,-4.03078,13.370439999999999,-17.16422,8.02177,150.0
24,25.0,6,22,78,13,-1.2,3.71746,-12.5587,-31.655590000000004,93.29573,1.8151,12.13535,-51.19721,27.463379999999997,-3.8906400000000003,12.818430000000001,-18.273629999999997,8.01529,150.0
24,25.0,6,52,33,139,-1.2,4.1586,-11.06985,-31.3976,90.38534,1.8994900000000001,12.28765,-51.05495,27.95038,-4.05122,12.85977,-17.06186,8.01626,150.0
24,25.0,6,52,48,14,-1.2,4.0624199999999995,-12.52598,-31.537640000000003,92.94429000000001,1.82482,11.74461,-51.67892,27.84876,-3.9405300000000003,12.373489999999999,-18.56035,8.01903,150.0
24,25.0,6,52,78,15,-1.2,3.71268,-12.9345,-31.67773,91.89871,1.84132,10.77782,-50.64543,27.457790000000003,-3.6165300000000005,11.49456,-19.01988,8.02432,150.0
24,25.0,8,22,33,16,-1.2,3.79746,-8.54541,-31.01847,95.87308,2.02231,13.307960000000001,-49.76766,28.80524,-4.10254,13.81146,-16.59659,8.0176,200.0
24,25.0,8,22,48,17,-1.2,3.81619,-10.633410000000001,-31.15532,97.40886,1.87,13.01937,-50.171659999999996,28.8266,-4.0713,13.576929999999999,-17.71218,8.0168,200.0
24,25.0,8,22,78,18,-1.2,3.70761,-12.88798,-31.34967,93.37885,1.78888,12.36626,-50.8169,28.701240000000002,-3.9109199999999995,13.02869,-19.17923,8.015369999999999,200.0
24,25.0,8,52,33,140,-1.2,4.02619,-10.95471,-31.13881,88.8985,1.8733,12.481119999999999,-50.664429999999996,29.059240000000003,-3.76505,13.03097,-17.99921,8.019039999999999,200.0
24,25.0,8,52,48,19,-1.2,3.9710300000000003,-13.205689999999999,-31.291759999999996,92.72415,1.75196,11.9094,-51.38179,28.99933,-3.59006,12.52592,-20.00234,8.0238,200.0
24,25.0,8,52,78,20,-1.2,3.6791400000000003,-14.0653,-31.482940000000003,92.21687,1.74173,10.85336,-51.21604,28.667759999999998,-3.64776,11.5823,-20.569329999999997,8.02374,200.0
24,37.5,2,22,33,1081,-1.2,3.89238,-10.221219999999999,-31.611209999999996,97.37167,1.88537,12.88505,-49.87143,24.65276,-4.0069099999999995,13.42486,-13.287289999999999,8.02245,75.0
24,37.5,2,22,48,1082,-1.2,3.8807099999999997,-10.989360000000001,-31.63727,99.0564,1.8347099999999998,12.779010000000001,-50.04075,24.63973,-4.01306,13.32364,-13.6858,8.022210000000001,75.0
24,37.5,2,22,78,1083,-1.2,3.8829599999999997,-11.92148,-31.667720000000003,97.99549,1.75538,12.63365,-50.34332,24.64224,-4.012169999999999,13.1914,-14.323160000000001,8.02392,75.0
24,37.5,2,52,33,141,-1.2,3.83278,-9.31691,-31.56015,92.17491,1.8498900000000003,12.574639999999999,-49.80708,24.58575,-3.8687199999999997,13.038089999999999,-12.851180000000001,8.02487,75.0
24,37.5,2,52,48,1084,-1.2,3.7915900000000002,-10.22055,-31.619609999999998,96.75875,1.7630599999999998,12.31979,-50.06261,24.53882,-3.8502099999999997,12.78438,-13.342670000000002,8.02418,75.0
24,37.5,2,52,78,1085,-1.2,4.04758,-11.96241,-31.631859999999996,94.50413,1.63002,11.95903,-50.59772,24.822570000000002,-3.7681400000000003,12.448080000000001,-14.564860000000001,8.02191,75.0
24,37.5,4,22,33,1086,-1.2,3.90628,-7.73279,-31.25201,101.62778,1.85602,12.828,-50.014070000000004,27.67855,-4.0250900000000005,13.219320000000002,-14.95765,8.02474,150.0
24,37.5,4,22,48,1087,-1.2,3.9015,-8.69678,-31.312040000000003,103.14412,1.7699200000000002,12.659939999999999,-50.27323,27.67323,-4.01765,13.07501,-15.56594,8.01787,150.0
24,37.5,4,22,78,1088,-1.2,3.87713,-10.84032,-31.40137,99.76835,1.6798099999999998,12.34285,-50.80133,27.646009999999997,-3.95684,12.82485,-16.80309,8.016010000000001,150.0
24,37.5,4,52,33,142,-1.2,4.11775,-10.92308,-31.405490000000004,94.53674000000001,1.88285,12.37674,-50.7732,27.90751,-3.7750800000000004,12.93192,-16.7836,8.01563,150.0
24,37.5,4,52,48,1089,-1.2,4.05805,-11.9493,-31.471970000000002,98.23040999999999,1.8056900000000002,12.031460000000001,-51.11842,27.84409,-3.70129,12.61687,-17.74041,8.01483,150.0
24,37.5,4,52,78,1090,-1.2,3.92005,-13.21095,-31.579079999999998,96.19985,1.7601099999999998,11.42637,-51.812540000000006,27.69383,-3.50864,12.08435,-18.855320000000003,8.01988,150.0
24,37.5,6,22,33,1091,-1.2,3.9119800000000002,-10.05594,-31.007890000000003,102.64195,2.00687,12.94155,-50.339,29.445790000000002,-4.1810599999999996,13.51114,-17.97525,8.02148,225.0
24,37.5,6,22,48,1092,-1.2,3.9068699999999996,-11.3701,-31.07635,104.45303,1.8955799999999998,12.75559,-50.59965,29.44012,-3.77865,13.343129999999999,-18.63544,8.01912,225.0
24,37.5,6,22,78,1093,-1.2,3.87624,-12.78546,-31.198729999999998,98.99449,1.77057,12.39403,-51.153420000000004,29.40594,-3.71944,13.02825,-20.04166,8.02425,225.0
24,37.5,6,52,33,143,-1.2,3.9236,-8.5883,-30.9241,95.96025999999999,1.8421299999999998,12.42045,-50.73816,29.45867,-3.9735400000000003,12.86045,-17.32321,8.02228,225.0
24,37.5,6,52,48,1094,-1.2,3.90616,-10.60718,-31.00215,98.57055,1.6904700000000001,12.09574,-51.13743,29.439320000000002,-3.92436,12.556460000000001,-18.46278,8.01667,225.0
24,37.5,6,52,78,1095,-1.2,4.12357,-13.0501,-31.15397,96.99104,1.54926,11.49785,-50.17895,29.674559999999996,-3.78055,12.03106,-20.60547,8.022310000000001,225.0
24,37.5,8,22,33,1096,-1.2,3.8280000000000003,-8.42325,-30.577740000000002,104.44256999999999,1.9588700000000001,12.88996,-50.10045,30.60094,-4.14069,13.36566,-18.358079999999998,8.015080000000001,300.0
24,37.5,8,22,48,1097,-1.2,3.8555300000000003,-10.168989999999999,-30.634220000000003,105.37723999999999,1.78538,12.7006,-50.42638,30.63205,-4.19134,13.196570000000001,-19.34613,8.02496,300.0
24,37.5,8,22,78,1098,-1.2,3.85092,-12.9657,-30.74857,99.7982,1.58616,12.29137,-50.98397,30.626859999999997,-4.14305,12.85112,-21.5378,8.0213,300.0
24,37.5,8,52,33,144,-1.2,4.1422,-9.11149,-30.7319,94.92076999999999,1.9316400000000002,12.39587,-50.709379999999996,30.94353,-4.1841099999999996,12.90334,-18.91528,8.02492,300.0
24,37.5,8,52,48,1099,-1.2,4.10984,-10.650319999999999,-30.8093,98.75593,1.7773400000000001,12.08263,-51.07835,30.90946,-3.7793900000000002,12.59295,-20.05154,8.02244,300.0
24,37.5,8,52,78,1100,-1.2,3.99758,-12.70145,-30.91599,96.98594,1.6031600000000001,11.47852,-50.60805,30.78919,-3.63594,12.04805,-21.74629,8.02078,300.0
24,50.0,2,22,33,21,-1.2,3.6703900000000003,-12.570789999999999,-31.65036,102.56465,1.93114,12.61135,-50.60863,25.64712,-3.9014800000000003,13.280470000000001,-16.05505,8.022160000000001,100.0
24,50.0,2,22,48,22,-1.2,3.6697800000000003,-13.00256,-31.618509999999997,102.62394,1.89441,12.54481,-50.74698,25.6464,-3.88289,13.221689999999999,-16.41526,8.02267,100.0
24,50.0,2,22,78,23,-1.2,3.6719199999999996,-13.659120000000001,-31.6382,101.64656,1.83992,12.4464,-50.96516,25.64893,-3.88121,13.135229999999998,-17.00625,8.02095,100.0
24,50.0,2,52,33,145,-1.2,3.9784699999999997,-12.14453,-31.588379999999997,96.29438,1.7784099999999998,12.1604,-51.003609999999995,25.99716,-3.70575,12.742,-16.30126,8.01845,100.0
24,50.0,2,52,48,24,-1.2,3.94266,-12.73135,-31.565690000000004,100.15262,1.7259,11.97481,-51.21516,25.95789,-3.65887,12.55595,-16.82897,8.01769,100.0
24,50.0,2,52,78,25,-1.2,3.9364,-14.10336,-31.58255,97.57871999999999,1.63657,11.713510000000001,-50.1974,25.95099,-3.5963800000000004,12.32443,-17.39095,8.01673,100.0
24,50.0,4,22,33,26,-1.2,3.97165,-9.24499,-31.202309999999997,108.52685,1.89104,12.39766,-50.92695,29.000009999999996,-3.79055,12.8956,-17.21999,8.01515,200.0
24,50.0,4,22,48,27,-1.2,3.9748900000000003,-10.238760000000001,-31.190140000000003,108.59103,1.82493,12.288310000000001,-51.141329999999996,29.00355,-3.8002300000000004,12.80002,-17.81482,8.02407,200.0
24,50.0,4,22,78,28,-1.2,3.9968199999999996,-11.45538,-31.236990000000002,102.90558,1.72357,12.09597,-51.54733,29.02745,-3.76825,12.65208,-19.24915,8.016639999999999,200.0
24,50.0,4,52,33,146,-1.2,4.000859999999999,-11.453610000000001,-31.17019,99.47973,1.80872,12.10338,-51.41745,29.03183,-3.66123,12.673160000000001,-18.98102,8.02122,200.0
24,50.0,4,52,48,29,-1.2,3.9700900000000003,-12.41607,-31.22131,101.6843,1.73478,11.88155,-51.54156,28.9983,-3.6311199999999997,12.46555,-19.77931,8.01356,200.0
24,50.0,4,52,78,30,-1.2,3.9102900000000003,-13.98276,-31.3113,99.59254,1.6519700000000002,11.48815,-49.97651,28.93239,-3.54104,12.12678,-20.45198,8.022110000000001,200.0
24,50.0,6,22,33,31,-1.2,3.73944,-11.02559,-30.719009999999997,109.95245,1.9884400000000002,12.565010000000001,-50.675990000000006,30.49928,-4.04708,13.164729999999999,-19.79673,8.0232,300.0
24,50.0,6,22,48,32,-1.2,3.7551699999999997,-11.99629,-30.75623,110.00028,1.8528900000000001,12.44183,-50.86793,30.517509999999998,-4.08871,13.04519,-20.65041,8.02201,300.0
24,50.0,6,22,78,33,-1.2,3.7726900000000003,-13.81259,-30.817859999999996,103.76932,1.67566,12.16649,-51.31673,30.53773,-4.0982199999999995,12.80681,-21.991979999999998,8.02008,300.0
24,50.0,6,52,33,147,-1.2,3.7172400000000003,-11.740210000000001,-30.786559999999998,100.30102,1.97645,12.30813,-50.99993,30.47342,-3.87385,12.95589,-20.5956,8.021469999999999,300.0
24,50.0,6,52,48,34,-1.2,3.7140400000000002,-12.91665,-30.832559999999997,101.99669,1.8443,12.11082,-51.271440000000005,30.46968,-3.87278,12.76407,-21.64039,8.02495,300.0
24,50.0,6,52,78,35,-1.2,3.6793,-14.7611,-30.938390000000002,99.62872,1.6846900000000002,11.70485,-50.75267,30.428859999999997,-3.8471599999999997,12.392389999999999,-22.383029999999998,8.01843,300.0
24,50.0,8,22,33,36,-1.2,3.6691199999999995,-10.82206,-30.39231,111.93743,1.96481,12.4591,-50.51278,31.666209999999996,-3.94368,13.0502,-21.01275,8.019789999999999,400.0
24,50.0,8,22,48,37,-1.2,3.68816,-11.99222,-30.40332,110.59675,1.7927,12.29973,-50.70576,31.6887,-4.014069999999999,12.89833,-22.196360000000002,8.01897,400.0
24,50.0,8,22,78,38,-1.2,3.6693,-14.16709,-30.468659999999996,104.44341,1.56636,11.93337,-50.86291,31.66643,-4.02334,12.56312,-23.44625,8.01763,400.0
24,50.0,8,52,33,148,-1.2,3.95643,-11.82921,-30.48477,100.2655,1.9441599999999999,12.2046,-50.84543,31.993640000000003,-3.7336400000000003,12.864,-22.190379999999998,8.01856,400.0
24,50.0,8,52,48,39,-1.2,3.9382800000000002,-12.97172,-30.53203,102.54368000000001,1.79444,11.97775,-51.09727,31.973670000000002,-3.78954,12.63,-22.974529999999998,8.01784,400.0
24,50.0,8,52,78,40,-1.2,3.85771,-14.664520000000001,-30.60248,100.61932,1.5999700000000001,11.50013,-50.58956,31.88389,-3.7509699999999997,12.177710000000001,-23.77107,8.01673,400.0
24,62.5,2,22,33,1101,-1.2,3.9235800000000003,-12.16287,-31.60023,107.20653,1.9135,12.2237,-51.152809999999995,26.905929999999998,-3.7695,12.87368,-17.29756,8.01515,125.0
24,62.5,2,22,48,1102,-1.2,3.9205699999999997,-12.50383,-31.616359999999997,108.25577,1.8815099999999998,12.16867,-51.260940000000005,26.902590000000004,-3.77769,12.823080000000001,-17.63629,8.01496,125.0
24,62.5,2,22,78,1103,-1.2,3.9529199999999998,-13.165989999999999,-31.57344,104.7358,1.82266,12.10877,-51.49508,26.93828,-3.75218,12.77431,-17.96343,8.02023,125.0
24,62.5,2,52,33,149,-1.2,3.94915,-11.19652,-31.51196,100.2646,1.7636599999999998,11.85789,-51.428259999999995,26.93413,-3.58775,12.401819999999999,-17.17946,8.01645,125.0
24,62.5,2,52,48,1104,-1.2,3.92443,-11.71145,-31.52925,103.05475,1.7160099999999998,11.723469999999999,-51.221140000000005,26.906859999999998,-3.57934,12.266960000000001,-17.4837,8.01592,125.0
24,62.5,2,52,78,1105,-1.2,3.93948,-12.93186,-31.52713,100.53222,1.6285399999999999,11.53715,-49.28407,26.92349,-3.5268900000000003,12.10523,-18.02946,8.01775,125.0
24,62.5,4,22,33,1106,-1.2,3.59105,-12.13738,-30.965120000000002,113.74125,1.91185,12.131780000000001,-51.33882,29.531609999999997,-3.8665199999999995,12.7761,-20.54802,8.023060000000001,250.0
24,62.5,4,22,48,1107,-1.2,3.6148599999999997,-12.98756,-30.99178,112.44428,1.8373400000000002,12.07803,-50.37533,29.560309999999998,-3.88745,12.73505,-20.9045,8.02205,250.0
24,62.5,4,22,78,1108,-1.2,3.65825,-14.52994,-31.03912,105.75156000000001,1.7334900000000002,11.97202,-50.063309999999994,29.61213,-3.88279,12.6654,-21.50919,8.020439999999999,250.0
24,62.5,4,52,33,150,-1.2,3.88725,-11.16495,-30.916009999999996,103.51491999999999,1.87749,11.868,-51.4328,29.87582,-3.6281800000000004,12.465810000000001,-20.2487,8.023660000000001,250.0
24,62.5,4,52,48,1109,-1.2,3.89719,-12.130239999999999,-30.95252,104.92478999999999,1.79007,11.74693,-49.47462,29.88692,-3.6349,12.35033,-20.68153,8.022260000000001,250.0
24,62.5,4,52,78,1110,-1.2,3.9172,-14.05928,-31.02202,102.32401999999999,1.66985,11.516110000000001,-49.50741,29.909159999999996,-3.60365,12.16088,-21.4802,8.02015,250.0
24,62.5,6,22,33,1111,-1.2,3.6459,-12.067730000000001,-30.60397,115.86605,1.95,12.037989999999999,-51.21062,31.358359999999998,-3.9214900000000004,12.7131,-22.30375,8.01832,375.0
24,62.5,6,22,48,1112,-1.2,3.6754599999999997,-13.178429999999999,-30.600820000000002,113.17593000000001,1.8108799999999998,11.93649,-50.31051,31.39343,-3.97851,12.6162,-22.79734,8.01785,375.0
24,62.5,6,22,78,1113,-1.2,3.68835,-14.88388,-30.64365,107.47173000000001,1.62385,11.68237,-50.28731,31.40863,-4.00764,12.388069999999999,-23.65086,8.01702,375.0
24,62.5,6,52,33,151,-1.2,3.65257,-13.37674,-30.633540000000004,105.39457,1.92507,11.90445,-50.18173,31.366290000000003,-3.81302,12.62374,-22.86723,8.01745,375.0
24,62.5,6,52,48,1114,-1.2,3.6583300000000003,-14.548689999999999,-30.65069,105.00203,1.7968099999999998,11.75811,-50.05343,31.373140000000003,-3.85626,12.48666,-23.35776,8.01705,375.0
24,62.5,6,52,78,1115,-1.2,3.63631,-15.356079999999999,-30.72965,102.67551999999999,1.63606,11.43972,-50.55598,31.34692,-3.87762,12.190999999999999,-24.06006,8.01635,375.0
24,62.5,8,22,33,1116,-1.2,3.54035,-11.82874,-30.1515,116.50211000000002,1.9803099999999998,11.99095,-50.78901,32.48016,-3.85408,12.672460000000001,-23.46442,8.01677,500.0
24,62.5,8,22,48,1117,-1.2,3.5748,-13.20495,-30.146790000000003,115.46376000000001,1.8013,11.89673,-50.36909,32.522220000000004,-3.9771699999999996,12.57857,-24.060779999999998,8.01665,500.0
24,62.5,8,22,78,1118,-1.2,3.5957199999999996,-15.21464,-30.15493,108.58406000000001,1.54096,11.607380000000001,-50.606809999999996,32.54756,-4.03714,12.314010000000001,-25.17533,8.016169999999999,500.0
24,62.5,8,52,33,152,-1.2,3.8445,-12.37965,-30.161759999999997,105.37262,1.96125,11.849639999999999,-50.23052,32.83809,-3.6954300000000004,12.54641,-23.77245,8.01657,500.0
24,62.5,8,52,48,1119,-1.2,3.58923,-13.86685,-30.189120000000003,106.22758999999999,1.79257,11.70951,-49.98641,32.53972,-3.8028,12.41416,-24.38403,8.01644,500.0
24,62.5,8,52,78,1120,-1.2,3.56665,-15.2997,-30.168120000000002,103.21439000000001,1.55619,11.36084,-50.52257,32.51231,-3.8434,12.08693,-25.41662,8.02398,500.0
24,75.0,2,22,33,41,-1.2,3.60586,-13.31378,-31.55105,111.23357,1.8707900000000002,11.749,-50.18899999999999,27.331,-3.73255,12.45195,-18.88464,8.01903,150.0
24,75.0,2,22,48,42,-1.2,3.6166099999999997,-13.71871,-31.55408,110.51024,1.8395099999999998,11.71318,-50.03951,27.34393,-3.73518,12.42158,-19.06581,8.01748,150.0
24,75.0,2,22,78,43,-1.2,3.65153,-14.28225,-31.536479999999997,106.63821999999999,1.78665,11.67114,-49.79943,27.385659999999998,-3.7293,12.38937,-19.38658,8.015039999999999,150.0
24,75.0,2,52,33,153,-1.2,3.90275,-13.328389999999999,-31.413120000000003,102.76026,1.8183099999999999,11.58535,-49.24557,27.67463,-3.61571,12.260480000000001,-18.96761,8.019039999999999,150.0
24,75.0,2,52,48,44,-1.2,3.8901800000000004,-13.80708,-31.432409999999997,104.82744,1.7802900000000002,11.48527,-49.33692,27.66061,-3.6106599999999998,12.16596,-19.18001,8.01635,150.0
24,75.0,2,52,78,45,-1.2,3.91362,-14.54725,-31.4453,101.73931999999999,1.7083400000000002,11.36613,-49.382659999999994,27.6867,-3.5680300000000003,12.06208,-19.65483,8.0218,150.0
24,75.0,4,22,33,46,-1.2,3.55617,-14.09167,-30.98808,116.71463,1.9055400000000002,11.70359,-50.156490000000005,30.281029999999998,-3.80045,12.44927,-22.180999999999997,8.0172,300.0
24,75.0,4,22,48,47,-1.2,3.5731699999999997,-14.56468,-31.003009999999996,114.38989,1.8425200000000002,11.65526,-50.15464,30.30175,-3.82356,12.4119,-22.44296,8.016869999999999,300.0
24,75.0,4,22,78,48,-1.2,3.60258,-15.01188,-31.029809999999998,107.2821,1.7529299999999999,11.57216,-50.47811,30.33735,-3.82836,12.3445,-22.847920000000002,8.01634,300.0
24,75.0,4,52,33,154,-1.2,3.56846,-14.05151,-30.888379999999998,107.94636000000001,1.8071400000000002,11.40629,-49.60179,30.296020000000002,-3.63691,12.12105,-22.397029999999997,8.01745,300.0
24,75.0,4,52,48,49,-1.2,3.8597599999999996,-14.694679999999998,-30.91378,107.23913,1.7342099999999998,11.30113,-49.82975,30.63682,-3.63902,12.026589999999999,-22.79973,8.01689,300.0
24,75.0,4,52,78,50,-1.2,3.86899,-15.192070000000001,-30.974940000000004,103.25634000000001,1.63562,11.119860000000001,-50.35389,30.64718,-3.6134,11.866489999999999,-23.34896,8.01607,300.0
24,75.0,6,22,33,51,-1.2,3.55341,-14.442020000000001,-30.56065,119.83734,1.99404,11.782210000000001,-51.02409,32.038579999999996,-3.56904,12.571069999999999,-24.01665,8.02413,450.0
24,75.0,6,22,48,52,-1.2,3.5875800000000004,-14.94292,-30.54594,115.34958,1.8791099999999998,11.734689999999999,-51.04919,32.08015,-3.6413300000000004,12.53055,-24.36657,8.02386,450.0
24,75.0,6,22,78,53,-1.2,3.6017300000000003,-15.276879999999998,-30.562640000000002,108.44776,1.7171,11.54618,-51.26458,32.09724,-3.69865,12.35905,-24.86862,8.022969999999999,450.0
24,75.0,6,52,33,155,-1.2,3.6221099999999997,-14.289000000000001,-30.56583,105.01245,1.976,11.62828,-50.46089,32.12174,-3.78684,12.412469999999999,-24.14762,8.023810000000001,450.0
24,75.0,6,52,48,54,-1.2,3.60468,-14.68406,-30.58277,106.93223,1.8732799999999998,11.50334,-50.561690000000006,32.10079,-3.8610599999999997,12.29221,-24.43514,8.02347,450.0
24,75.0,6,52,78,55,-1.2,3.5773800000000002,-14.96463,-30.6286,103.56729,1.72122,11.24766,-51.03432,32.06778,-3.9096300000000004,12.0485,-24.92836,8.02249,450.0
24,75.0,8,22,33,56,-1.2,3.4840199999999997,-13.85765,-30.13709,120.09648999999999,1.9852400000000001,11.72534,-50.9666,33.20232,-3.9499699999999995,12.49739,-25.05282,8.02094,600.0
24,75.0,8,22,48,57,-1.2,3.50559,-14.5984,-30.11474,117.22573,1.83223,11.63049,-51.06281,33.22913,-4.0643199999999995,12.411769999999999,-25.48497,8.02086,600.0
24,75.0,8,22,78,58,-1.2,3.49215,-15.100810000000001,-30.10463,109.76405,1.6044200000000002,11.32827,-51.27469,33.21244,-4.12362,12.12335,-26.19259,8.0201,600.0
24,75.0,8,52,33,156,-1.2,3.52875,-13.57589,-30.049059999999997,108.30763,1.9619799999999998,11.50982,-50.16813,33.25772,-3.7123699999999995,12.2683,-25.13535,8.02113,600.0
24,75.0,8,52,48,59,-1.2,3.5306900000000003,-14.37676,-30.06277,108.56835,1.80594,11.37835,-50.44253,33.26011,-3.8291199999999996,12.14113,-25.644679999999997,8.02094,600.0
24,75.0,8,52,78,60,-1.2,3.4925,-15.03604,-30.01581,104.18158000000001,1.56768,11.037,-51.07902,33.21288,-3.88175,11.81269,-26.477790000000002,8.02003,600.0
24,87.5,2,22,33,1121,-1.2,3.5941400000000003,-14.23935,-31.44932,114.02985,1.87116,11.39,-49.68282,27.98633,-3.7636800000000004,12.13415,-20.09756,8.02224,175.0
24,87.5,2,22,48,1122,-1.2,3.6069699999999996,-14.53945,-31.446690000000004,113.16403999999999,1.84202,11.36608,-49.74325,28.0018,-3.76816,12.11581,-20.26709,8.02186,175.0
24,87.5,2,22,78,1123,-1.2,3.6431199999999997,-14.90104,-31.431859999999997,109.08081999999999,1.79175,11.34383,-49.82797,28.045109999999998,-3.7663699999999998,12.101460000000001,-20.58201,8.021230000000001,175.0
24,87.5,2,52,33,157,-1.2,3.6103400000000003,-14.242379999999999,-31.41885,104.88235,1.8539900000000002,11.23208,-49.5463,28.00586,-3.6020199999999996,11.97364,-20.25058,8.022089999999999,175.0
24,87.5,2,52,48,1124,-1.2,3.6024599999999998,-14.52343,-31.433429999999998,106.34872,1.8235,11.16001,-49.61685,27.996370000000002,-3.5996900000000003,11.90537,-20.42819,8.021510000000001,175.0
24,87.5,2,52,78,1125,-1.2,3.62572,-14.86948,-31.44047,103.16427,1.7640900000000002,11.07957,-49.87596,28.02432,-3.58264,11.83633,-20.799789999999998,8.02057,175.0
24,87.5,4,22,33,1126,-1.2,3.5222,-14.62274,-30.87395,120.58155,1.8970200000000002,11.23202,-50.186440000000005,30.90883,-3.7997699999999996,12.01661,-23.390729999999998,8.01478,350.0
24,87.5,4,22,48,1127,-1.2,3.55021,-14.887139999999999,-30.88226,117.91116000000001,1.8335700000000001,11.21317,-50.36854,30.94323,-3.83163,12.00505,-23.6642,8.01469,350.0
24,87.5,4,22,78,1128,-1.2,3.60298,-15.2592,-30.877540000000003,110.14421999999999,1.7385400000000002,11.18083,-50.67923,31.0073,-3.85097,11.9829,-24.06845,8.01452,350.0
24,87.5,4,52,33,158,-1.2,3.55156,-14.8116,-30.832359999999998,109.74213,1.8629900000000001,11.109860000000001,-50.136509999999994,30.944879999999998,-3.67235,11.897960000000001,-23.738529999999997,8.01472,350.0
24,87.5,4,52,48,1129,-1.2,3.5666,-15.09005,-30.84753,108.84799,1.8011099999999998,11.05964,-50.40357,30.96322,-3.69038,11.85393,-23.99421,8.0146,350.0
24,87.5,4,52,78,1130,-1.2,3.5954599999999997,-15.47729,-30.84222,103.67665,1.71712,10.9701,-50.85538,30.99823,-3.6938,11.77928,-24.37442,8.02396,350.0
24,87.5,6,22,33,1131,-1.2,3.5138199999999995,-14.82846,-30.30582,123.96521000000001,1.93533,11.1825,-50.3791,32.65939,-3.5594900000000003,11.98357,-25.26,8.02028,525.0
24,87.5,6,22,48,1132,-1.2,3.5699099999999997,-15.24785,-30.28453,118.72098000000001,1.80608,11.18021,-50.75551,32.72817,-3.65761,11.98979,-25.714779999999998,8.02029,525.0
24,87.5,6,22,78,1133,-1.2,3.61018,-15.81344,-30.223470000000002,112.06199,1.62424,11.04578,-51.50281,32.77689,-3.7387699999999997,11.86857,-26.279159999999997,8.01984,525.0
24,87.5,6,52,33,159,-1.2,3.59438,-14.543779999999998,-30.25185,109.54571000000001,1.8806200000000002,11.05345,-50.19186,32.75783,-3.8258300000000003,11.83502,-25.45025,8.02053,525.0
24,87.5,6,52,48,1134,-1.2,3.61403,-14.97013,-30.22839,109.79801,1.7557,10.95965,-50.68287,32.78151,-3.46135,11.75473,-25.89721,8.02035,525.0
24,87.5,6,52,78,1135,-1.2,3.60848,-15.59353,-30.21012,107.31497,1.5751600000000001,10.729569999999999,-51.527,32.774840000000005,-3.52406,11.53778,-26.50095,8.01962,525.0
24,100.0,2,22,33,61,-1.2,3.5731300000000004,-14.98146,-31.397940000000002,116.48674,1.83529,10.93709,-50.17132,28.540779999999998,-3.38845,11.74032,-21.52289,8.02357,200.0
24,100.0,2,22,48,62,-1.2,3.58903,-15.140870000000001,-31.394840000000002,114.95271000000001,1.8086200000000001,10.92712,-50.24288,28.56007,-3.3918699999999995,11.73392,-21.667820000000003,8.02253,200.0
24,100.0,2,22,78,63,-1.2,3.62489,-15.396070000000002,-31.38402,110.27038,1.76295,10.9236,-50.44079,28.60325,-3.39051,11.73505,-21.9065,8.02081,200.0
24,100.0,2,52,33,145,-1.2,3.60685,-14.766589999999999,-31.42326,107.28358999999999,1.8652099999999998,10.85857,-50.33162,28.581570000000003,-3.1846200000000002,11.66981,-21.47553,8.019160000000001,200.0
24,100.0,2,52,48,64,-1.2,3.6081300000000005,-14.91497,-31.4313,107.33538999999999,1.84015,10.80902,-50.4688,28.58312,-3.17845,11.624039999999999,-21.60484,8.01763,200.0
24,100.0,2,52,78,65,-1.2,3.63015,-15.17782,-31.44339,104.19445999999999,1.7954299999999999,10.7509,-50.69515,28.609540000000003,-3.1617,11.57363,-21.849529999999998,8.01607,200.0
24,100.0,4,22,33,66,-1.2,3.50487,-15.05256,-30.75985,123.18583999999998,1.88389,10.81272,-50.64059,31.467309999999998,-3.43876,11.636239999999999,-24.57566,8.02062,400.0
24,100.0,4,22,48,67,-1.2,3.54474,-15.299929999999998,-30.76305,119.08938,1.8231700000000002,10.82744,-50.855470000000004,31.516440000000003,-3.4767,11.65686,-24.79224,8.02042,400.0
24,100.0,4,22,78,68,-1.2,3.5994,-15.61961,-30.75638,111.73126,1.7369700000000001,10.83103,-51.27469,31.5829,-3.5114699999999996,11.66847,-25.077170000000002,8.02004,400.0
24,100.0,4,52,33,146,-1.2,3.5114699999999996,-15.22086,-30.691409999999998,111.94111000000001,1.8334,10.69565,-50.7954,31.47549,-3.33762,11.50266,-24.94069,8.02017,400.0
24,100.0,4,52,48,69,-1.2,3.5411300000000003,-15.492029999999998,-30.70942,109.79875,1.7751599999999998,10.68764,-51.06688,31.51202,-3.37469,11.50469,-25.140420000000002,8.019919999999999,400.0
24,100.0,4,52,78,70,-1.2,3.5731599999999997,-15.842789999999999,-30.72768,106.51206,1.6968900000000002,10.64357,-51.4967,31.55113,-3.40489,11.476280000000001,-25.367639999999998,8.01945,400.0
24,100.0,6,22,33,71,-1.2,3.20113,-15.283879999999998,-30.40475,125.38825,1.8585900000000002,11.000919999999999,-51.73449,32.834540000000004,-3.38115,11.83197,-26.20125,8.02435,600.0
24,100.0,6,22,48,72,-1.2,3.23956,-15.47604,-30.37319,118.62126,1.75963,11.01089,-52.037890000000004,32.88637,-3.4822599999999997,11.852,-26.44724,8.02445,600.0
24,100.0,6,22,78,73,-1.2,3.25201,-15.710360000000001,-30.3283,111.71455,1.62392,10.87769,-52.25462,32.90303,-3.56184,11.73447,-26.7389,8.02403,600.0
24,100.0,6,52,33,147,-1.2,3.20432,-15.03046,-30.469720000000002,108.79019,1.8491900000000001,11.079889999999999,-52.14032,32.838879999999996,-3.33235,11.90172,-26.17215,8.02362,600.0
24,100.0,6,52,48,74,-1.2,3.2164900000000003,-15.1337,-30.47033,108.83426000000001,1.77463,11.02386,-52.21893,32.855340000000005,-3.4390199999999997,11.86726,-26.306690000000003,8.02384,600.0
24,100.0,6,52,78,75,-1.2,3.20805,-15.23439,-30.449379999999998,104.995,1.6592799999999999,10.85034,-52.29544,32.843920000000004,-3.50556,11.71105,-26.52238,8.02362,600.0
28,25.0,2,22,33,81,-1.2,4.97129,-9.337,-31.74257,101.25105,1.46824,13.2578,-49.85309,23.95439,-4.04332,13.48865,-11.75544,8.009,50.0
28,25.0,2,22,48,82,-1.2,4.94371,-10.28925,-31.730990000000002,103.87859,1.40104,13.067060000000001,-50.175309999999996,23.930229999999998,-3.6583699999999997,13.30838,-12.27135,8.0247,50.0
28,25.0,2,22,78,83,-1.2,4.92269,-11.724160000000001,-31.70405,104.21085,1.29385,12.79248,-50.70261,23.911720000000003,-3.6084400000000003,13.05273,-13.36359,8.02331,50.0
28,25.0,2,52,33,149,-1.2,5.20341,-9.00945,-31.72744,97.29311,1.43612,12.45925,-50.40697,24.15258,-3.7953,12.67113,-11.69137,8.019589999999999,50.0
28,25.0,2,52,48,84,-1.2,5.13063,-10.40817,-31.75592,102.57929,1.33104,12.03363,-50.93502,24.0914,-3.7091,12.262839999999999,-12.6672,8.02263,50.0
28,25.0,2,52,78,85,-1.2,5.07338,-13.141670000000001,-31.690240000000003,100.91658000000001,1.19254,11.42154,-50.356840000000005,24.042679999999997,-3.9121599999999996,11.69406,-14.744629999999999,8.022039999999999,50.0
28,25.0,4,22,33,86,-1.2,4.93138,-8.06788,-31.516809999999996,104.42636999999999,1.45743,13.35254,-49.6923,26.929679999999998,-3.75849,13.524189999999999,-14.02452,8.0203,100.0
28,25.0,4,22,48,87,-1.2,4.93101,-10.11951,-31.54212,106.73903999999999,1.40564,13.022789999999999,-50.287040000000005,26.92936,-4.01973,13.26104,-15.19162,8.02064,100.0
28,25.0,4,22,78,88,-1.2,4.72381,-12.16723,-31.73655,104.84699,1.50722,12.33999,-51.37377,26.74292,-3.8105800000000003,12.73391,-17.1285,8.01704,100.0
28,25.0,4,52,33,150,-1.2,4.74801,-13.21636,-31.49936,98.88784,1.5255299999999998,12.13837,-51.77438,26.76512,-3.59049,12.55898,-17.69591,8.01859,100.0
28,25.0,4,52,48,89,-1.2,4.8605599999999995,-14.515270000000001,-31.72648,104.13855,1.58101,11.45935,-50.26658,26.86686,-3.38239,11.9669,-18.372339999999998,8.01905,100.0
28,25.0,4,52,78,90,-1.2,4.20326,-13.14299,-31.987009999999998,102.87354,1.7915299999999998,10.313130000000001,-50.33827,26.235870000000002,-3.4052,10.97603,-18.53884,8.024189999999999,100.0
28,25.0,6,22,33,91,-1.2,4.67128,-8.50836,-31.34858,105.01700000000001,1.61799,13.50409,-49.929140000000004,28.455270000000002,-3.80626,13.740789999999999,-16.01216,8.01957,150.0
28,25.0,6,22,48,92,-1.2,4.9667900000000005,-10.54641,-31.404629999999997,108.41192,1.5461799999999999,13.15156,-50.53382,28.72167,-3.7299,13.4504,-17.126079999999998,8.01713,150.0
28,25.0,6,22,78,93,-1.2,4.7571900000000005,-12.28877,-31.61362,104.05722,1.62416,12.41372,-51.520140000000005,28.53442,-3.8943,12.8658,-18.86175,8.02035,150.0
28,25.0,6,52,33,151,-1.2,4.59821,-12.84695,-31.10802,99.60119,1.6078,12.64945,-50.82517,28.3868,-3.4488,13.05456,-18.47853,8.02078,150.0
28,25.0,6,52,48,94,-1.2,4.51968,-15.165429999999999,-31.30422,102.46621,1.57751,11.95265,-51.55751,28.31199,-3.29276,12.45531,-20.03621,8.02057,150.0
28,25.0,6,52,78,95,-1.2,4.35187,-13.943710000000001,-31.65365,101.60654,1.8296299999999999,10.67218,-50.73601,28.147679999999998,-3.17556,11.34024,-20.14546,8.02433,150.0
28,25.0,8,22,33,96,-1.2,4.43098,-9.369860000000001,-31.09723,106.29104,1.5243200000000001,13.52048,-50.03317,29.4753,-3.7621800000000003,13.75419,-17.68083,8.01792,200.0
28,25.0,8,22,48,97,-1.2,4.44238,-12.37248,-31.143620000000002,108.17253000000001,1.445,13.127229999999999,-50.72688,29.486459999999997,-3.6855300000000004,13.439910000000001,-19.14057,8.016960000000001,200.0
28,25.0,8,22,78,98,-1.2,4.53114,-13.792929999999998,-31.42555,104.00376,1.55521,12.27755,-51.65085,29.572370000000003,-3.44916,12.76277,-20.85174,8.02104,200.0
28,25.0,8,52,33,152,-1.2,5.1836,-9.15519,-31.303459999999998,99.14873,1.3626200000000002,12.34125,-51.230990000000006,30.156609999999997,-3.80248,12.54373,-17.87681,8.021930000000001,200.0
28,25.0,8,52,48,99,-1.2,5.08196,-11.90507,-31.35727,104.0783,1.30348,11.71045,-51.73492,30.07061,-3.98076,11.998610000000001,-20.28088,8.022860000000001,200.0
28,25.0,8,52,78,100,-1.2,4.56251,-13.746570000000002,-31.560909999999996,104.26604,1.41077,10.59671,-50.08148,29.60234,-3.6003199999999995,11.07198,-21.62067,8.019630000000001,200.0
28,37.5,2,22,33,1141,-1.2,4.50705,-11.52576,-31.591440000000002,107.98173999999999,1.58671,13.15011,-50.14375,25.28953,-3.6945300000000003,13.498970000000002,-14.52825,8.02404,75.0
28,37.5,2,22,48,1142,-1.2,4.48798,-12.108839999999999,-31.617729999999998,109.87532,1.54151,13.02772,-50.35621,25.27112,-3.6917199999999997,13.38009,-14.90436,8.02333,75.0
28,37.5,2,22,78,1143,-1.2,4.47846,-13.127270000000001,-31.56885,108.72271,1.4618200000000001,12.84989,-50.69709,25.2619,-3.65814,13.21991,-15.71504,8.0225,75.0
28,37.5,2,52,33,153,-1.2,4.86909,-10.606110000000001,-31.58802,102.71218,1.31433,12.34778,-50.543209999999995,25.62509,-3.91071,12.575289999999999,-14.30481,8.02168,75.0
28,37.5,2,52,48,1144,-1.2,4.79327,-11.61763,-31.62865,108.00623,1.25134,12.0334,-50.97312,25.556929999999998,-3.8570599999999997,12.27246,-15.21389,8.019919999999999,75.0
28,37.5,2,52,78,1145,-1.2,4.747330000000001,-13.738579999999999,-31.61791,105.64778999999999,1.1511,11.59573,-50.4054,25.5151,-3.73706,11.86796,-16.680429999999998,8.020660000000001,75.0
28,37.5,4,22,33,1146,-1.2,4.90287,-8.62739,-31.43892,112.62681,1.59395,13.206929999999998,-50.1476,28.66542,-3.76365,13.44706,-16.1171,8.01852,150.0
28,37.5,4,22,48,1147,-1.2,4.90187,-9.86161,-31.44848,114.35387,1.53473,13.00174,-50.49435,28.66453,-3.7164800000000002,13.27851,-16.81854,8.02157,150.0
28,37.5,4,22,78,1148,-1.2,4.84085,-11.7426,-31.51395,110.70106000000001,1.51306,12.61346,-51.14206,28.610129999999998,-3.59951,12.97695,-18.145310000000002,8.01494,150.0
28,37.5,4,52,33,154,-1.2,4.85746,-8.80589,-31.37224,105.23716999999999,1.3550200000000001,12.45929,-50.64313,28.625009999999996,-3.9460699999999997,12.648010000000001,-16.36148,8.01863,150.0
28,37.5,4,52,48,1149,-1.2,4.8026,-10.85074,-31.47638,109.7493,1.2983,12.064,-51.27794,28.57568,-3.87115,12.297460000000001,-17.687739999999998,8.02263,150.0
28,37.5,4,52,78,1150,-1.2,4.99395,-13.6028,-31.521359999999998,107.95308999999999,1.29036,11.37492,-49.94406,28.745359999999998,-3.6030800000000003,11.72708,-19.7337,8.02405,150.0
28,37.5,6,22,33,1151,-1.2,4.4435400000000005,-10.94632,-31.000390000000003,113.6193,1.74225,13.467529999999998,-50.34318,29.99912,-3.43245,13.83114,-18.94913,8.01787,225.0
28,37.5,6,22,48,1152,-1.2,4.4573,-12.67116,-31.077640000000002,115.64813000000001,1.64766,13.2339,-50.73216,30.01254,-3.4356800000000005,13.62996,-19.83267,8.02422,225.0
28,37.5,6,22,78,1153,-1.2,4.42065,-14.006570000000002,-31.284259999999996,109.63622,1.61456,12.75538,-51.384209999999996,29.97669,-3.3712800000000005,13.2387,-21.190479999999997,8.02085,225.0
28,37.5,6,52,33,155,-1.2,4.93816,-9.32878,-31.197059999999997,106.28345,1.57765,12.687999999999999,-50.8803,30.45748,-3.62765,12.96465,-18.37758,8.01561,225.0
28,37.5,6,52,48,1154,-1.2,4.91181,-11.32093,-31.237340000000003,109.36623999999999,1.4591,12.29981,-51.42811,30.434240000000003,-3.9384099999999997,12.61011,-19.85514,8.023480000000001,225.0
28,37.5,6,52,78,1155,-1.2,4.749,-13.8716,-31.43115,107.84187,1.4184700000000001,11.58457,-50.208079999999995,30.287840000000003,-3.76557,12.00036,-21.5771,8.01957,225.0
28,37.5,8,22,33,1156,-1.2,4.5016,-8.90415,-30.89289,115.70494,1.7020400000000002,13.33054,-50.25135,31.304879999999997,-3.7749800000000002,13.606279999999998,-19.2362,8.01572,300.0
28,37.5,8,22,48,1157,-1.2,4.53503,-10.946110000000001,-30.90302,116.81043999999999,1.54749,13.09478,-50.66301,31.33701,-3.78199,13.39136,-20.314239999999998,8.02294,300.0
28,37.5,8,22,78,1158,-1.2,4.80764,-13.431379999999999,-31.02137,110.79565,1.41547,12.60415,-51.3714,31.590529999999998,-3.685,12.97772,-22.45105,8.02162,300.0
28,37.5,8,52,33,156,-1.2,4.84521,-11.37331,-30.976540000000004,105.18718999999999,1.54379,12.63225,-51.08644,31.624340000000004,-3.51361,12.96901,-20.92415,8.0248,300.0
28,37.5,8,52,48,1159,-1.2,4.77416,-13.244729999999999,-31.045040000000004,109.62015,1.45169,12.18024,-51.63324,31.56018,-3.83759,12.55959,-22.44272,8.01875,300.0
28,37.5,8,52,78,1160,-1.2,4.52252,-14.974929999999999,-31.237440000000003,107.85002,1.41241,11.37482,-50.40213,31.325020000000002,-3.64528,11.867410000000001,-23.41585,8.01666,300.0
28,50.0,2,22,33,101,-1.2,4.29513,-12.739130000000001,-31.4699,114.02938999999999,1.68894,13.07743,-50.575109999999995,26.32977,-3.54399,13.50831,-16.53448,8.02208,100.0
28,50.0,2,22,48,102,-1.2,4.29168,-13.244979999999998,-31.47543,114.11368,1.6464400000000001,12.999310000000001,-50.72911,26.32627,-3.54205,13.43588,-16.929679999999998,8.02174,100.0
28,50.0,2,22,78,103,-1.2,4.28914,-14.010129999999998,-31.47175,113.0313,1.58281,12.88461,-50.97716,26.32371,-3.5339300000000002,13.32896,-17.64325,8.024610000000001,100.0
28,50.0,2,52,33,157,-1.2,4.65382,-12.12957,-31.468059999999998,106.83797,1.4623700000000002,12.49794,-50.93512,26.6781,-3.4241099999999998,12.82511,-16.59763,8.02117,100.0
28,50.0,2,52,48,104,-1.2,4.60875,-12.95448,-31.515909999999998,111.25305,1.40795,12.26929,-51.20929,26.63583,-3.3973699999999996,12.6085,-17.46433,8.02008,100.0
28,50.0,2,52,78,105,-1.2,4.59052,-14.74201,-31.4764,108.45364,1.30788,11.96269,-50.3709,26.61862,-3.3115,12.32654,-18.21034,8.01876,100.0
28,50.0,4,22,33,106,-1.2,4.22335,-11.61772,-31.140659999999997,119.79433,1.6814900000000002,13.146429999999999,-50.66755,29.26687,-3.60089,13.504560000000001,-18.8117,8.017389999999999,200.0
28,50.0,4,22,48,107,-1.2,4.24849,-12.96545,-31.1767,119.81288,1.60994,13.02568,-50.909240000000004,29.29265,-3.2194700000000003,13.413670000000002,-19.59303,8.01711,200.0
28,50.0,4,22,78,108,-1.2,4.27511,-14.681070000000002,-31.21862,113.14928,1.54453,12.7952,-51.39012,29.319779999999998,-3.5550300000000004,13.2482,-21.03286,8.02258,200.0
28,50.0,4,52,33,158,-1.2,4.5570699999999995,-12.65902,-31.14974,109.931,1.5346600000000001,12.597010000000001,-51.32005,29.59715,-3.43454,12.9625,-20.0579,8.02435,200.0
28,50.0,4,52,48,109,-1.2,4.54168,-14.21025,-31.22123,112.45629,1.46997,12.31115,-51.57482,29.582459999999998,-3.39287,12.71667,-20.95642,8.02183,200.0
28,50.0,4,52,78,110,-1.2,4.47609,-16.01354,-31.3365,110.11253,1.4351200000000002,11.80252,-50.34182,29.51929,-3.2528799999999998,12.293569999999999,-21.7479,8.01871,200.0
28,50.0,6,22,33,111,-1.2,4.38938,-10.82387,-30.97358,122.06078000000001,1.79627,13.10717,-50.72011,31.195240000000002,-3.67248,13.484000000000002,-20.24306,8.02282,300.0
28,50.0,6,22,48,112,-1.2,4.41828,-12.05821,-30.98416,122.22847,1.6590900000000002,12.954180000000001,-50.98637,31.22375,-3.70137,13.334829999999998,-21.08235,8.02159,300.0
28,50.0,6,22,78,113,-1.2,4.442819999999999,-14.16792,-31.03026,115.3835,1.5045600000000001,12.63117,-51.51507,31.2478,-3.6556,13.056460000000001,-22.7012,8.01967,300.0
28,50.0,6,52,33,159,-1.2,4.31706,-13.76631,-30.947390000000002,111.14583,1.68399,12.66773,-51.31042,31.12309,-3.4900300000000004,13.14465,-22.51166,8.01886,300.0
28,50.0,6,52,48,114,-1.2,4.28123,-15.0911,-30.99908,113.0844,1.59225,12.35507,-51.53311,31.0869,-3.46291,12.85863,-23.0042,8.01787,300.0
28,50.0,6,52,78,115,-1.2,4.4591400000000005,-16.04091,-31.224120000000003,110.69626000000001,1.54126,11.78611,-50.85653,31.263720000000003,-3.37501,12.34873,-23.60983,8.01662,300.0
28,50.0,8,22,33,116,-1.2,4.27533,-12.43517,-30.732359999999996,123.89088000000001,1.8027400000000002,13.1058,-50.604929999999996,32.3303,-3.59285,13.558670000000001,-22.42372,8.01861,400.0
28,50.0,8,22,48,117,-1.2,4.285480000000001,-13.692120000000001,-30.74255,122.32768,1.65662,12.90725,-50.85955,32.34059,-3.6304300000000005,13.366729999999999,-23.473029999999998,8.01807,400.0
28,50.0,8,22,78,118,-1.2,4.23236,-15.459029999999998,-30.80661,115.50415,1.5001,12.457930000000001,-51.290820000000004,32.286429999999996,-3.60865,12.96325,-24.41732,8.01722,400.0
28,50.0,8,52,33,160,-1.2,4.5850800000000005,-11.404069999999999,-30.642540000000004,111.31483999999999,1.72438,12.731580000000001,-50.603359999999995,32.63407,-3.42865,13.12491,-22.06304,8.019219999999999,400.0
28,50.0,8,52,48,119,-1.2,4.60457,-13.19586,-30.651059999999998,113.98266000000001,1.55239,12.4639,-50.9397,32.65249,-3.44409,12.8641,-23.61502,8.01828,400.0
28,50.0,8,52,78,120,-1.2,4.55459,-16.157989999999998,-30.7485,111.98754,1.36087,11.901689999999999,-50.53775,32.6051,-3.3685699999999996,12.36072,-24.8597,8.01699,400.0
28,62.5,2,22,33,1161,-1.2,4.241140000000001,-13.31145,-31.415779999999998,118.91911999999999,1.69343,12.76835,-51.070190000000004,27.24393,-3.46055,13.22971,-18.18477,8.02107,125.0
28,62.5,2,22,48,1162,-1.2,4.2342900000000006,-13.711110000000001,-31.4283,120.09453,1.66012,12.70374,-51.19806,27.2369,-3.4617699999999996,13.16681,-18.59614,8.020719999999999,125.0
28,62.5,2,22,78,1163,-1.2,4.2527800000000004,-14.66951,-31.399890000000003,116.10876,1.60379,12.623619999999999,-51.46824,27.25583,-3.4493300000000002,13.102089999999999,-19.02429,8.02331,125.0
28,62.5,2,52,33,129,-1.2,4.63894,-11.420960000000001,-31.56376,111.33571,1.5257,12.180069999999999,-51.43603,27.633290000000002,-3.71622,12.53154,-17.731370000000002,8.0166,125.0
28,62.5,2,52,48,1164,-1.2,4.60227,-12.10753,-31.586609999999997,114.55118,1.47761,12.01147,-51.63941,27.59882,-3.69615,12.3732,-18.251160000000002,8.01604,125.0
28,62.5,2,52,78,1165,-1.2,4.61388,-13.54911,-31.572459999999996,111.83604,1.39632,11.7934,-49.70048,27.60977,-3.63699,12.17327,-18.879189999999998,8.02176,125.0
28,62.5,4,22,33,1166,-1.2,4.561030000000001,-11.46106,-31.23745,126.48052,1.7692700000000001,12.62325,-51.44599,30.57003,-3.86245,13.049389999999999,-20.408929999999998,8.02294,250.0
28,62.5,4,22,48,1167,-1.2,4.59171,-12.32785,-31.23855,125.16085,1.6963599999999999,12.541910000000001,-51.6525,30.59915,-3.47589,12.98053,-21.235689999999998,8.02191,250.0
28,62.5,4,22,78,1168,-1.2,4.64532,-13.88611,-31.25253,117.88383,1.60279,12.39006,-50.57586,30.64955,-3.4548699999999997,12.87012,-21.89936,8.02033,250.0
28,62.5,4,52,33,130,-1.2,4.562469999999999,-11.81476,-31.15182,114.95218999999999,1.5755,12.249830000000001,-51.62811,30.5714,-3.76646,12.6243,-21.11704,8.021930000000001,250.0
28,62.5,4,52,48,1169,-1.2,4.56997,-13.27413,-31.177229999999998,116.70728000000001,1.4901,12.06281,-49.91115,30.578540000000004,-3.74715,12.461739999999999,-21.71429,8.02047,250.0
28,62.5,4,52,78,1170,-1.2,4.5741,-15.444460000000001,-31.2278,113.90822,1.39515,11.74098,-50.01471,30.58245,-3.6473400000000002,12.19695,-22.71269,8.01844,250.0
28,62.5,6,22,33,1171,-1.2,4.26748,-11.14781,-30.836440000000003,129.05393999999998,1.8009700000000002,12.56139,-50.98707,32.04203,-3.5529300000000004,12.99443,-22.03397,8.0192,375.0
28,62.5,6,22,48,1172,-1.2,4.32209,-12.598980000000001,-30.8002,126.21287,1.63852,12.436160000000001,-51.2274,32.09725,-3.59061,12.8713,-23.14635,8.01859,375.0
28,62.5,6,22,78,1173,-1.2,4.681080000000001,-15.275139999999999,-30.79982,120.12245,1.44061,12.14248,-50.39751,32.44378,-3.58143,12.61197,-24.35887,8.01759,375.0
28,62.5,6,52,33,131,-1.2,4.61488,-11.66492,-30.81798,117.59156000000002,1.76426,12.33896,-51.17445,32.38192,-3.42254,12.791739999999999,-22.79791,8.01861,375.0
28,62.5,6,52,48,1174,-1.2,4.646780000000001,-13.28924,-30.80767,117.35916,1.60398,12.15667,-50.06159,32.41183,-3.4420900000000003,12.6145,-23.494220000000002,8.01795,375.0
28,62.5,6,52,78,1175,-1.2,4.64393,-15.822829999999998,-30.873509999999996,115.16418999999999,1.42373,11.76892,-50.525659999999995,32.40917,-3.40783,12.263810000000001,-24.77719,8.01694,375.0
28,62.5,8,22,33,1176,-1.2,4.20644,-12.780569999999999,-30.53418,129.00172,1.9016,12.760489999999999,-50.56893,33.228840000000005,-3.49913,13.28864,-24.145670000000003,8.01693,500.0
28,62.5,8,22,48,1177,-1.2,4.2321599999999995,-14.131229999999999,-30.51827,127.82757,1.73089,12.62208,-50.74738,33.255320000000005,-3.5640300000000003,13.14698,-24.87997,8.01693,500.0
28,62.5,8,22,78,1178,-1.2,4.22535,-16.24393,-30.47417,120.23795,1.5094,12.26227,-51.05384,33.24832,-3.5887800000000003,12.81165,-25.88174,8.02386,500.0
28,62.5,8,52,33,132,-1.2,4.48502,-12.306460000000001,-30.46142,117.00451000000001,1.8293599999999999,12.43506,-50.73499,33.50735,-3.34876,12.92078,-24.28872,8.01721,500.0
28,62.5,8,52,48,1179,-1.2,4.5296199999999995,-14.21445,-30.4475,118.11813000000001,1.6438700000000002,12.26422,-50.39815,33.55032,-3.41413,12.75872,-25.04567,8.01706,500.0
28,62.5,8,52,78,1180,-1.2,4.52642,-16.59556,-30.43072,114.86636000000001,1.39881,11.8592,-51.00118,33.54724,-3.40576,12.3818,-26.43191,8.02307,500.0
28,75.0,2,22,33,121,-1.2,4.15094,-14.89885,-31.32579,122.90685,1.76263,12.513580000000001,-51.00752,27.94238,-3.43535,13.05439,-19.87975,8.02443,150.0
28,75.0,2,22,48,122,-1.2,4.15723,-15.377629999999998,-31.325470000000003,122.06929,1.7285599999999999,12.47701,-50.71468,27.948959999999996,-3.04052,13.02215,-20.052020000000002,8.024,150.0
28,75.0,2,22,78,123,-1.2,4.17845,-16.0865,-31.30241,117.70159,1.6697400000000002,12.43713,-50.250640000000004,27.971059999999998,-3.03956,12.98758,-20.3608,8.0233,150.0
28,75.0,2,52,33,133,-1.2,4.5749699999999995,-14.637189999999999,-31.520809999999997,113.87211,1.70038,12.04037,-49.90984,28.364790000000003,-3.27507,12.576830000000001,-20.02075,8.02389,150.0
28,75.0,2,52,48,124,-1.2,4.5490900000000005,-15.0063,-31.54215,116.25723,1.6675900000000001,11.91362,-49.8198,28.340159999999997,-3.25773,12.4579,-20.250870000000003,8.022969999999999,150.0
28,75.0,2,52,78,125,-1.2,4.56047,-15.84169,-31.52307,112.77663999999999,1.6001299999999998,11.76003,-50.029920000000004,28.35101,-3.20905,12.31446,-20.726010000000002,8.02155,150.0
28,75.0,4,22,33,126,-1.2,4.1744900000000005,-14.05212,-31.07211,130.25408000000002,1.7621200000000001,12.26869,-50.01515,30.97725,-3.45241,12.7949,-22.70492,8.01821,300.0
28,75.0,4,22,48,127,-1.2,4.21355,-15.08505,-31.066570000000002,127.73262,1.6877,12.22227,-50.0955,31.0177,-3.46286,12.75966,-23.10526,8.0178,300.0
28,75.0,4,22,78,128,-1.2,4.27693,-16.256,-31.08225,119.82865,1.58733,12.14264,-50.26246,31.08254,-3.45612,12.70027,-23.77337,8.01712,300.0
28,75.0,4,52,33,134,-1.2,4.16948,-15.66031,-31.119770000000003,119.05881000000001,1.76006,12.160060000000001,-50.276790000000005,30.97203,-3.3392699999999995,12.7381,-23.35197,8.0166,300.0
28,75.0,4,52,48,129,-1.2,4.1674,-16.25104,-31.157320000000002,118.22151000000001,1.70173,12.03391,-50.29098,30.969859999999997,-3.3357300000000003,12.62417,-23.66416,8.01623,300.0
28,75.0,4,52,78,130,-1.2,4.44222,-16.503,-31.22758,113.76352,1.63811,11.79625,-50.678470000000004,31.24721,-3.30029,12.41564,-24.07327,8.01567,300.0
28,75.0,6,22,33,131,-1.2,4.18719,-14.998389999999999,-30.78861,133.49878,1.92693,12.48782,-51.26273,32.75135,-3.6232599999999997,13.10474,-24.68085,8.02398,450.0
28,75.0,6,22,48,132,-1.2,4.22109,-15.86793,-30.76926,128.53133,1.80198,12.40018,-51.09404,32.78637,-3.27109,13.02014,-25.10422,8.023639999999999,450.0
28,75.0,6,22,78,133,-1.2,4.22412,-16.51047,-30.788009999999996,120.96292,1.6425599999999998,12.14171,-51.191,32.78949,-3.2957,12.77929,-25.74964,8.02275,450.0
28,75.0,6,52,33,135,-1.2,4.30671,-14.90453,-30.746509999999997,117.18473999999999,1.84253,12.17421,-50.4296,32.87358,-3.46657,12.78187,-24.91542,8.023769999999999,450.0
28,75.0,6,52,48,134,-1.2,4.2573099999999995,-15.59186,-30.76851,119.54068000000001,1.73216,11.96467,-50.562870000000004,32.823479999999996,-3.4928199999999996,12.58371,-25.36982,8.02311,450.0
28,75.0,6,52,78,135,-1.2,4.18351,-16.10724,-30.851940000000003,116.01038999999999,1.5815700000000001,11.582230000000001,-51.18942,32.74753,-3.4867,12.22515,-26.10489,8.02184,450.0
28,75.0,8,22,33,136,-1.2,4.06355,-15.289660000000001,-30.374809999999997,133.2829,1.95924,12.54637,-50.61266,33.87057,-3.5297099999999997,13.16913,-25.991310000000002,8.02068,600.0
28,75.0,8,22,48,137,-1.2,4.09978,-16.27446,-30.34787,130.01848,1.80394,12.47504,-50.71502,33.90911,-3.2418400000000003,13.09956,-26.4287,8.02088,600.0
28,75.0,8,22,78,138,-1.2,4.103,-16.967389999999998,-30.3394,121.64799,1.58047,12.18269,-50.90133,33.91253,-3.30915,12.8162,-27.159029999999998,8.02055,600.0
28,75.0,8,52,33,136,-1.2,4.507219999999999,-14.144420000000002,-30.392259999999997,120.34138,1.92252,12.20715,-50.5789,34.3206,-3.39342,12.82049,-25.83053,8.02116,600.0
28,75.0,8,52,48,139,-1.2,4.18823,-15.141729999999999,-30.39309,120.78063,1.76748,12.026060000000001,-50.62038,34.00181,-3.46719,12.64485,-26.408170000000002,8.02095,600.0
28,75.0,8,52,78,140,-1.2,4.10323,-16.113,-30.376790000000003,116.00873999999999,1.53157,11.598230000000001,-51.08995,33.91277,-3.4784900000000003,12.23812,-27.400740000000003,8.02016,600.0
28,87.5,2,22,33,1181,-1.2,4.22856,-15.139220000000002,-31.4504,126.79541,1.74163,11.982280000000001,-49.9147,28.69231,-3.45654,12.54994,-20.89355,8.02125,175.0
28,87.5,2,22,48,1182,-1.2,4.2415199999999995,-15.507660000000001,-31.4442,125.86522,1.7090900000000002,11.95312,-49.91458,28.7056,-3.45384,12.52422,-21.09966,8.02091,175.0
28,87.5,2,22,78,1183,-1.2,4.27912,-16.07789,-31.41974,121.33586000000001,1.65143,11.925939999999999,-49.95515,28.74393,-3.44144,12.50055,-21.46496,8.020380000000001,175.0
28,87.5,2,52,33,137,-1.2,4.22035,-15.17876,-31.39596,116.61721000000001,1.66441,11.778830000000001,-49.62903,28.68386,-3.35592,12.314739999999999,-21.0848,8.02165,175.0
28,87.5,2,52,48,1184,-1.2,4.2121699999999995,-15.63615,-31.4059,118.3044,1.62815,11.69285,-49.79347,28.675440000000002,-3.3483199999999997,12.2337,-21.32265,8.02105,175.0
28,87.5,2,52,78,1185,-1.2,4.23402,-16.123260000000002,-31.39293,114.70186000000001,1.55739,11.593069999999999,-50.04025,28.697909999999997,-3.3221199999999995,12.14058,-21.79993,8.02009,175.0
28,87.5,4,22,33,1186,-1.2,4.11198,-14.853079999999999,-31.00944,134.92866999999998,1.7837900000000002,11.749360000000001,-50.11973,31.581190000000003,-3.4484800000000004,12.340639999999999,-23.98963,8.01581,350.0
28,87.5,4,22,48,1187,-1.2,4.16391,-15.65032,-30.99608,132.04023,1.7066599999999998,11.73358,-50.41281,31.6357,-3.4651300000000003,12.32992,-24.4402,8.01569,350.0
28,87.5,4,22,78,1188,-1.2,4.25761,-16.43848,-30.99488,123.35243,1.59331,11.7092,-50.90153,31.73234,-3.4690199999999995,12.31657,-25.12068,8.01547,350.0
28,87.5,4,52,33,138,-1.2,4.45943,-14.821620000000001,-31.00562,122.81482,1.7425400000000002,11.572410000000001,-50.225770000000004,31.93347,-3.31843,12.15512,-24.20028,8.01574,350.0
28,87.5,4,52,48,1189,-1.2,4.50197,-15.55595,-31.00318,121.92383000000001,1.66355,11.51535,-50.51148,31.9747,-3.33146,12.10442,-24.69602,8.01554,350.0
28,87.5,4,52,78,1190,-1.2,4.57814,-16.41793,-30.96878,116.19583,1.5579100000000001,11.41195,-51.05686,32.04757,-3.3193300000000003,12.01951,-25.40521,8.02397,350.0
28,87.5,6,22,33,1191,-1.2,4.161919999999999,-15.82957,-30.61465,137.65142,1.92809,12.04309,-50.61718,33.394529999999996,-3.2096299999999998,12.69405,-25.83602,8.020489999999999,525.0
28,87.5,6,22,48,1192,-1.2,4.22034,-16.52441,-30.576420000000002,131.85061000000002,1.7904799999999998,12.012,-50.88063,33.45507,-3.2856099999999997,12.662939999999999,-26.35528,8.020539999999999,525.0
28,87.5,6,22,78,1193,-1.2,4.2573,-17.17865,-30.577209999999997,124.55396,1.60656,11.82276,-51.40037,33.492940000000004,-3.3379,12.48052,-27.05415,8.02022,525.0
28,87.5,6,52,33,139,-1.2,4.23036,-15.61767,-30.5078,121.99068,1.8096299999999998,11.70326,-50.58947,33.46537,-3.4670300000000003,12.32531,-26.24278,8.0207,525.0
28,87.5,6,52,48,1194,-1.2,4.26118,-16.244510000000002,-30.48505,122.37102,1.67277,11.59194,-51.03944,33.49689,-3.51556,12.22298,-26.85234,8.020489999999999,525.0
28,87.5,6,52,78,1195,-1.2,4.26965,-17.19979,-30.470959999999998,119.67251999999999,1.48256,11.325280000000001,-51.53095,33.505520000000004,-3.54175,11.969489999999999,-27.573320000000002,8.0198,525.0
28,87.5,8,22,33,1196,-1.2,4.07754,-15.11645,-30.17315,139.16714,1.94357,11.90245,-50.607620000000004,34.554959999999994,-3.5380000000000003,12.55608,-26.89388,8.01878,700.0
28,87.5,8,22,48,1197,-1.2,4.13246,-16.134339999999998,-30.131940000000004,135.64486000000002,1.75983,11.840689999999999,-50.70963,34.61306,-3.6393199999999997,12.490110000000001,-27.5696,8.019039999999999,700.0
28,87.5,8,22,78,1198,-1.2,4.15975,-17.19083,-30.063259999999996,125.99878999999999,1.4887,11.55015,-50.90978,34.64165,-3.27433,12.204410000000001,-28.571609999999996,8.01886,700.0
28,87.5,8,52,33,140,-1.2,4.15189,-15.9263,-30.183490000000003,123.48676,1.92182,11.97681,-50.59993,34.63344,-3.4777199999999997,12.632610000000001,-27.27165,8.0186,700.0
28,87.5,8,52,48,1199,-1.2,4.17496,-16.487920000000003,-30.16207,122.76458000000001,1.76951,11.88066,-50.73445,34.6575,-3.56777,12.54606,-27.75964,8.01898,700.0
28,87.5,8,52,78,1200,-1.2,4.134180000000001,-17.16033,-30.12029,116.91703999999999,1.5300799999999999,11.55157,-50.89331,34.61487,-3.1986,12.22556,-28.522470000000002,8.01903,700.0
28,100.0,2,22,33,141,-1.2,4.19198,-16.34389,-31.372590000000002,129.19308,1.77426,11.66225,-50.32598,29.23449,-3.08272,12.310839999999999,-22.28975,8.01651,200.0
28,100.0,2,22,48,142,-1.2,4.20721,-16.5415,-31.363590000000002,127.49877,1.74557,11.6489,-50.41336,29.25024,-3.08174,12.299000000000001,-22.451520000000002,8.01638,200.0
28,100.0,2,22,78,143,-1.2,4.24222,-16.8713,-31.332590000000003,122.25426999999999,1.69513,11.642510000000001,-50.61384,29.28623,-3.07342,12.29335,-22.72922,8.016160000000001,200.0
28,100.0,2,52,33,141,-1.2,4.24109,-16.24428,-31.3913,119.43145,1.7479900000000002,11.47344,-50.406909999999996,29.285079999999997,-3.37906,12.11613,-22.48713,8.0168,200.0
28,100.0,2,52,48,144,-1.2,4.24108,-16.45045,-31.3996,119.49303,1.7188599999999998,11.41264,-50.54123,29.285059999999998,-3.3702900000000002,12.05937,-22.66003,8.01653,200.0
28,100.0,2,52,78,145,-1.2,4.26045,-16.81438,-31.39309,115.93697,1.66547,11.342360000000001,-50.746790000000004,29.30485,-3.3473699999999997,11.9894,-22.98304,8.0161,200.0
28,100.0,4,22,33,146,-1.2,4.12173,-15.26002,-30.9943,138.14522,1.8659599999999998,11.35947,-50.62085,32.1714,-3.48559,12.03633,-25.03429,8.02154,400.0
28,100.0,4,22,48,147,-1.2,4.18222,-15.68779,-30.97462,133.69186000000002,1.79175,11.3619,-50.89881,32.23467,-3.50209,12.04063,-25.41703,8.02125,400.0
28,100.0,4,22,78,148,-1.2,4.266,-16.2872,-30.969140000000003,125.59187,1.6871,11.34596,-51.33263,32.320809999999994,-3.5138800000000003,12.02904,-25.95148,8.02075,400.0
28,100.0,4,52,33,142,-1.2,4.19716,-15.898179999999998,-30.949609999999996,125.15788,1.80705,11.32933,-50.81527,32.25015,-3.3934800000000003,11.98887,-25.5646,8.02064,400.0
28,100.0,4,52,48,149,-1.2,4.23468,-16.29542,-30.94525,122.85792,1.73993,11.299539999999999,-51.06834,32.28881,-3.40922,11.9632,-25.89594,8.02033,400.0
28,100.0,4,52,78,150,-1.2,4.26874,-16.80365,-30.96702,119.31993,1.65352,11.21642,-51.46584,32.3236,-3.41742,11.88986,-26.224529999999998,8.019810000000001,400.0
28,100.0,6,22,33,151,-1.2,3.8049800000000005,-16.59155,-30.59083,139.96531000000002,1.9266299999999998,11.860380000000001,-51.25209,33.58504,-2.99938,12.56255,-26.8177,8.01786,600.0
28,100.0,6,22,48,152,-1.2,3.84838,-16.90475,-30.543470000000003,132.49268,1.8090700000000002,11.84003,-51.31793,33.6343,-3.05842,12.54257,-27.17902,8.0182,600.0
28,100.0,6,22,78,153,-1.2,3.85503,-17.209770000000002,-30.560240000000004,124.94233999999999,1.6521299999999999,11.63919,-51.47687,33.64179,-3.10236,12.34862,-27.613329999999998,8.01845,600.0
28,100.0,6,52,33,143,-1.2,3.92843,-16.72423,-30.503859999999996,122.88622,1.86145,11.67005,-50.85374,33.72371,-3.22661,12.34634,-27.326690000000003,8.01781,600.0
28,100.0,6,52,48,154,-1.2,3.9517800000000003,-17.02394,-30.505209999999998,123.11277,1.7587099999999998,11.59109,-51.1759,33.74944,-3.3062,12.27935,-27.6215,8.01812,600.0
28,100.0,6,52,78,155,-1.2,3.94771,-17.43691,-30.49912,118.95838,1.60074,11.367189999999999,-51.69838,33.74496,-3.33606,12.068719999999999,-28.077059999999996,8.02464,600.0
28,100.0,8,22,33,156,-1.2,3.76186,-16.23943,-30.177640000000004,140.20414,1.96335,11.84265,-50.39969,34.784929999999996,-3.3435599999999996,12.54518,-27.83629,8.02247,800.0
28,100.0,8,22,48,157,-1.2,3.8059199999999995,-16.608710000000002,-30.11996,134.78575,1.8138400000000001,11.82446,-50.39377,34.83549,-3.46032,12.5244,-28.24855,8.023010000000001,800.0
28,100.0,8,22,78,158,-1.2,3.7949900000000003,-17.05434,-30.063840000000003,125.97663999999999,1.58545,11.54616,-50.46373,34.823,-3.5280099999999996,12.24581,-28.845609999999997,8.02293,800.0
28,100.0,8,52,33,144,-1.2,3.8088900000000003,-16.73685,-30.0267,125.10072,1.8591900000000001,11.59769,-50.75447,34.838879999999996,-3.13128,12.26165,-28.585259999999998,8.02172,800.0
28,100.0,8,52,48,159,-1.2,3.8414800000000002,-17.172520000000002,-30.0033,124.12722,1.7167,11.57015,-50.78624,34.87588,-3.28513,12.243789999999999,-28.95595,8.02228,800.0
